nome_rio;nivel_rio;vlr_nivel_rio;uni_nivel_rio;chuva_total;vlr_chuva;uni_chuva;temperatura;vlr_temp;uni_temp;umidade;vlr_umidade;uni_umidade;pressao;vlr_pressao;uni_pressao;status;vento;vlr_vento;uni_vento;direcao;leitura
Ponte Dom Tito Buss     -     Rio Itajaí-Açu    Rio do Sul;Nivel do Rio;1037;cm;Chuva;33.2;mm;Temperatura;18.4º;Graus;Umidade;97%;%;Pressão Atmosférica;1009.6;hPa;subindo;Vento;0.0;km/h;Leste;Leitura realizada em 12/10/2023 às 8:20
Ponte BR-470 - Rio Itajaí do Oeste Rio do Sul;Nível do Rio;1008;cm;Chuva;46.4;mm;Temperatura;17.2º;Graus;Umidade;100%;%;Pressão Atmosférica;1011.0;hPa;subindo rápido;Vento;0.0;km/h;Leste;Leitura realizada em 12/10/2023 às 8:20
Ponte Hannelore Hartmann Eyng - Rio Itajaí do Sul Rio do Sul;Nível do Rio;1105;cm;Chuva;40.0;mm;Temperatura;16.9º;Graus;Umidade;84%;%;Pressão Atmosférica;1009.7;hPa;subindo;Vento;0.0;km/h;Sudoeste;Leitura realizada em 12/10/2023 às 8:20
Ponte Dom Tito Buss     -     Rio Itajaí-Açu    Rio do Sul;Nivel do Rio;1046;cm;Chuva;39.4;mm;Temperatura;17.4º;Graus;Umidade;97%;%;Pressão Atmosférica;1009.8;hPa;subindo rápido;Vento;0.0;km/h;Oeste;Leitura realizada em 12/10/2023 às 9:10
Ponte BR-470 - Rio Itajaí do Oeste Rio do Sul;Nível do Rio;1013;cm;Chuva;54.0;mm;Temperatura;16.9º;Graus;Umidade;100%;%;Pressão Atmosférica;1011.7;hPa;subindo rápido;Vento;0.0;km/h;Nordeste;Leitura realizada em 12/10/2023 às 9:10
Ponte Hannelore Hartmann Eyng - Rio Itajaí do Sul Rio do Sul;Nível do Rio;1121;cm;Chuva;47.0;mm;Temperatura;16.6º;Graus;Umidade;84%;%;Pressão Atmosférica;1010.0;hPa;subindo rápido;Vento;0.0;km/h;Sudoeste;Leitura realizada em 12/10/2023 às 9:10
Ponte Dom Tito Buss     -     Rio Itajaí-Açu    Rio do Sul;Nivel do Rio;1047;cm;Chuva;42.6;mm;Temperatura;17.2º;Graus;Umidade;97%;%;Pressão Atmosférica;1010.2;hPa;subindo rápido;Vento;0.0;km/h;Oeste;Leitura realizada em 12/10/2023 às 9:25
Ponte BR-470 - Rio Itajaí do Oeste Rio do Sul;Nível do Rio;1014;cm;Chuva;56.8;mm;Temperatura;16.8º;Graus;Umidade;100%;%;Pressão Atmosférica;1012.3;hPa;subindo rápido;Vento;0.0;km/h;Sul;Leitura realizada em 12/10/2023 às 9:25
Ponte Hannelore Hartmann Eyng - Rio Itajaí do Sul Rio do Sul;Nível do Rio;1126;cm;Chuva;50.0;mm;Temperatura;16.6º;Graus;Umidade;85%;%;Pressão Atmosférica;1010.3;hPa;subindo rápido;Vento;0.0;km/h;Sudoeste;Leitura realizada em 12/10/2023 às 9:25
Ponte Dom Tito Buss     -     Rio Itajaí-Açu    Rio do Sul;Nivel do Rio;1055;cm;Chuva;43.8;mm;Temperatura;17.3º;Graus;Umidade;97%;%;Pressão Atmosférica;1009.7;hPa;subindo rápido;Vento;0.0;km/h;Nordeste;Leitura realizada em 12/10/2023 às 9:40
Ponte BR-470 - Rio Itajaí do Oeste Rio do Sul;Nível do Rio;1015;cm;Chuva;60.4;mm;Temperatura;16.6º;Graus;Umidade;100%;%;Pressão Atmosférica;1011.9;hPa;subindo rápido;Vento;0.0;km/h;Sul;Leitura realizada em 12/10/2023 às 9:40
Ponte Hannelore Hartmann Eyng - Rio Itajaí do Sul Rio do Sul;Nível do Rio;1133;cm;Chuva;53.0;mm;Temperatura;16.4º;Graus;Umidade;85%;%;Pressão Atmosférica;1010.0;hPa;subindo rápido;Vento;0.0;km/h;Oeste;Leitura realizada em 12/10/2023 às 9:40
Ponte Dom Tito Buss     -     Rio Itajaí-Açu    Rio do Sul;Nivel do Rio;1054;cm;Chuva;47.0;mm;Temperatura;16.9º;Graus;Umidade;97%;%;Pressão Atmosférica;1010.1;hPa;subindo rápido;Vento;0.0;km/h;Noroeste;Leitura realizada em 12/10/2023 às 9:55
Ponte BR-470 - Rio Itajaí do Oeste Rio do Sul;Nível do Rio;1018;cm;Chuva;61.6;mm;Temperatura;16.3º;Graus;Umidade;100%;%;Pressão Atmosférica;1011.3;hPa;subindo;Vento;0.0;km/h;Leste;Leitura realizada em 12/10/2023 às 9:55
Ponte Hannelore Hartmann Eyng - Rio Itajaí do Sul Rio do Sul;Nível do Rio;1140;cm;Chuva;54.2;mm;Temperatura;16.3º;Graus;Umidade;85%;%;Pressão Atmosférica;1010.0;hPa;subindo rápido;Vento;0.0;km/h;Noroeste;Leitura realizada em 12/10/2023 às 9:55
Ponte Dom Tito Buss     -     Rio Itajaí-Açu    Rio do Sul;Nivel do Rio;1059;cm;Chuva;47.6;mm;Temperatura;17.2º;Graus;Umidade;97%;%;Pressão Atmosférica;1009.7;hPa;subindo;Vento;0.0;km/h;Sudeste;Leitura realizada em 12/10/2023 às 10:15
Ponte BR-470 - Rio Itajaí do Oeste Rio do Sul;Nível do Rio;1020;cm;Chuva;62.2;mm;Temperatura;16.7º;Graus;Umidade;100%;%;Pressão Atmosférica;1011.3;hPa;subindo;Vento;0.0;km/h;Oeste;Leitura realizada em 12/10/2023 às 10:15
Ponte Hannelore Hartmann Eyng - Rio Itajaí do Sul Rio do Sul;Nível do Rio;1146;cm;Chuva;54.8;mm;Temperatura;16.7º;Graus;Umidade;85%;%;Pressão Atmosférica;1009.6;hPa;subindo;Vento;0.0;km/h;Noroeste;Leitura realizada em 12/10/2023 às 10:15
Ponte Dom Tito Buss     -     Rio Itajaí-Açu    Rio do Sul;Nivel do Rio;1063;cm;Chuva;47.8;mm;Temperatura;17.3º;Graus;Umidade;97%;%;Pressão Atmosférica;1010.0;hPa;estável;Vento;0.0;km/h;Leste;Leitura realizada em 12/10/2023 às 10:30
Ponte BR-470 - Rio Itajaí do Oeste Rio do Sul;Nível do Rio;1021;cm;Chuva;62.4;mm;Temperatura;16.9º;Graus;Umidade;100%;%;Pressão Atmosférica;1011.6;hPa;subindo;Vento;0.0;km/h;Oeste;Leitura realizada em 12/10/2023 às 10:30
Ponte Hannelore Hartmann Eyng - Rio Itajaí do Sul Rio do Sul;Nível do Rio;1153;cm;Chuva;55.0;mm;Temperatura;16.8º;Graus;Umidade;86%;%;Pressão Atmosférica;1010.1;hPa;subindo;Vento;0.0;km/h;Noroeste;Leitura realizada em 12/10/2023 às 10:30
Ponte Dom Tito Buss     -     Rio Itajaí-Açu    Rio do Sul;Nivel do Rio;1066;cm;Chuva;48.0;mm;Temperatura;17.1º;Graus;Umidade;98%;%;Pressão Atmosférica;1009.8;hPa;subindo;Vento;0.0;km/h;Leste;Leitura realizada em 12/10/2023 às 10:45
Ponte BR-470 - Rio Itajaí do Oeste Rio do Sul;Nível do Rio;1023;cm;Chuva;62.4;mm;Temperatura;16.7º;Graus;Umidade;100%;%;Pressão Atmosférica;1011.6;hPa;subindo;Vento;0.0;km/h;Sudeste;Leitura realizada em 12/10/2023 às 10:45
Ponte Hannelore Hartmann Eyng - Rio Itajaí do Sul Rio do Sul;Nível do Rio;1160;cm;Chuva;55.2;mm;Temperatura;16.8º;Graus;Umidade;86%;%;Pressão Atmosférica;1009.8;hPa;subindo;Vento;0.0;km/h;Sudeste;Leitura realizada em 12/10/2023 às 10:45
Ponte Dom Tito Buss     -     Rio Itajaí-Açu    Rio do Sul;Nivel do Rio;1069;cm;Chuva;48.2;mm;Temperatura;17.1º;Graus;Umidade;98%;%;Pressão Atmosférica;1010.3;hPa;subindo;Vento;0.0;km/h;Oeste;Leitura realizada em 12/10/2023 às 11:00
Ponte BR-470 - Rio Itajaí do Oeste Rio do Sul;Nível do Rio;1024;cm;Chuva;62.4;mm;Temperatura;16.4º;Graus;Umidade;100%;%;Pressão Atmosférica;1012.1;hPa;estável;Vento;0.0;km/h;Sudeste;Leitura realizada em 12/10/2023 às 11:00
Ponte Hannelore Hartmann Eyng - Rio Itajaí do Sul Rio do Sul;Nível do Rio;1165;cm;Chuva;55.2;mm;Temperatura;16.6º;Graus;Umidade;85%;%;Pressão Atmosférica;1010.3;hPa;estável;Vento;0.0;km/h;Oeste;Leitura realizada em 12/10/2023 às 11:00
Ponte Dom Tito Buss     -     Rio Itajaí-Açu    Rio do Sul;Nivel do Rio;1075;cm;Chuva;48.2;mm;Temperatura;16.8º;Graus;Umidade;98%;%;Pressão Atmosférica;1010.3;hPa;subindo;Vento;0.0;km/h;Oeste;Leitura realizada em 12/10/2023 às 11:15
Ponte BR-470 - Rio Itajaí do Oeste Rio do Sul;Nível do Rio;1026;cm;Chuva;62.6;mm;Temperatura;16.4º;Graus;Umidade;100%;%;Pressão Atmosférica;1012.1;hPa;subindo;Vento;0.0;km/h;Sudoeste;Leitura realizada em 12/10/2023 às 11:15
Ponte Hannelore Hartmann Eyng - Rio Itajaí do Sul Rio do Sul;Nível do Rio;1171;cm;Chuva;55.2;mm;Temperatura;16.2º;Graus;Umidade;85%;%;Pressão Atmosférica;1010.4;hPa;subindo;Vento;0.0;km/h;Sudoeste;Leitura realizada em 12/10/2023 às 11:15
Ponte Dom Tito Buss     -     Rio Itajaí-Açu    Rio do Sul;Nivel do Rio;1076;cm;Chuva;48.4;mm;Temperatura;16.6º;Graus;Umidade;98%;%;Pressão Atmosférica;1010.3;hPa;subindo;Vento;0.0;km/h;Oeste;Leitura realizada em 12/10/2023 às 11:30
Ponte BR-470 - Rio Itajaí do Oeste Rio do Sul;Nível do Rio;1029;cm;Chuva;63.2;mm;Temperatura;16.2º;Graus;Umidade;100%;%;Pressão Atmosférica;1011.6;hPa;subindo;Vento;0.0;km/h;Leste;Leitura realizada em 12/10/2023 às 11:30
Ponte Hannelore Hartmann Eyng - Rio Itajaí do Sul Rio do Sul;Nível do Rio;1175;cm;Chuva;55.8;mm;Temperatura;16.1º;Graus;Umidade;85%;%;Pressão Atmosférica;1010.2;hPa;subindo;Vento;0.0;km/h;Sul;Leitura realizada em 12/10/2023 às 11:30
Ponte Dom Tito Buss     -     Rio Itajaí-Açu    Rio do Sul;Nivel do Rio;1079;cm;Chuva;48.8;mm;Temperatura;16.5º;Graus;Umidade;98%;%;Pressão Atmosférica;1010.0;hPa;subindo;Vento;0.0;km/h;Noroeste;Leitura realizada em 12/10/2023 às 11:45
Ponte BR-470 - Rio Itajaí do Oeste Rio do Sul;Nível do Rio;1030;cm;Chuva;63.6;mm;Temperatura;16.2º;Graus;Umidade;100%;%;Pressão Atmosférica;1011.6;hPa;estável;Vento;0.0;km/h;Noroeste;Leitura realizada em 12/10/2023 às 11:45
Ponte Hannelore Hartmann Eyng - Rio Itajaí do Sul Rio do Sul;Nível do Rio;1181;cm;Chuva;56.2;mm;Temperatura;16.3º;Graus;Umidade;85%;%;Pressão Atmosférica;1009.9;hPa;subindo;Vento;0.0;km/h;Sudoeste;Leitura realizada em 12/10/2023 às 11:45
Ponte Dom Tito Buss     -     Rio Itajaí-Açu    Rio do Sul;Nivel do Rio;1085;cm;Chuva;48.8;mm;Temperatura;16.7º;Graus;Umidade;98%;%;Pressão Atmosférica;1009.3;hPa;estável;Vento;0.0;km/h;Oeste;Leitura realizada em 12/10/2023 às 12:05
Ponte BR-470 - Rio Itajaí do Oeste Rio do Sul;Nível do Rio;1033;cm;Chuva;63.6;mm;Temperatura;16.6º;Graus;Umidade;100%;%;Pressão Atmosférica;1011.1;hPa;estável;Vento;0.0;km/h;Sudoeste;Leitura realizada em 12/10/2023 às 12:05
Ponte Hannelore Hartmann Eyng - Rio Itajaí do Sul Rio do Sul;Nível do Rio;1188;cm;Chuva;56.4;mm;Temperatura;16.5º;Graus;Umidade;85%;%;Pressão Atmosférica;1009.3;hPa;estável;Vento;0.0;km/h;Sudoeste;Leitura realizada em 12/10/2023 às 12:05
Ponte Dom Tito Buss     -     Rio Itajaí-Açu    Rio do Sul;Nivel do Rio;1088;cm;Chuva;49.2;mm;Temperatura;16.9º;Graus;Umidade;98%;%;Pressão Atmosférica;1009.9;hPa;estável;Vento;0.0;km/h;Oeste;Leitura realizada em 12/10/2023 às 12:20
Ponte BR-470 - Rio Itajaí do Oeste Rio do Sul;Nível do Rio;1035;cm;Chuva;63.8;mm;Temperatura;16.7º;Graus;Umidade;100%;%;Pressão Atmosférica;1011.5;hPa;estável;Vento;0.0;km/h;Oeste;Leitura realizada em 12/10/2023 às 12:20
Ponte Hannelore Hartmann Eyng - Rio Itajaí do Sul Rio do Sul;Nível do Rio;1192;cm;Chuva;56.4;mm;Temperatura;16.6º;Graus;Umidade;86%;%;Pressão Atmosférica;1009.9;hPa;estável;Vento;0.0;km/h;Sudoeste;Leitura realizada em 12/10/2023 às 12:20
Ponte Dom Tito Buss     -     Rio Itajaí-Açu    Rio do Sul;Nivel do Rio;1090;cm;Chuva;49.2;mm;Temperatura;16.8º;Graus;Umidade;98%;%;Pressão Atmosférica;1010.3;hPa;estável;Vento;0.0;km/h;Oeste;Leitura realizada em 12/10/2023 às 12:35
Ponte BR-470 - Rio Itajaí do Oeste Rio do Sul;Nível do Rio;1038;cm;Chuva;63.8;mm;Temperatura;16.3º;Graus;Umidade;100%;%;Pressão Atmosférica;1012.2;hPa;estável;Vento;0.0;km/h;Sudoeste;Leitura realizada em 12/10/2023 às 12:35
Ponte Hannelore Hartmann Eyng - Rio Itajaí do Sul Rio do Sul;Nível do Rio;1184;cm;Chuva;56.4;mm;Temperatura;16.3º;Graus;Umidade;85%;%;Pressão Atmosférica;1010.3;hPa;estável;Vento;0.0;km/h;Oeste;Leitura realizada em 12/10/2023 às 12:35
Ponte Dom Tito Buss     -     Rio Itajaí-Açu    Rio do Sul;Nivel do Rio;1093;cm;Chuva;49.2;mm;Temperatura;16.7º;Graus;Umidade;98%;%;Pressão Atmosférica;1011.3;hPa;estável;Vento;0.0;km/h;Noroeste;Leitura realizada em 12/10/2023 às 12:50
Ponte BR-470 - Rio Itajaí do Oeste Rio do Sul;Nível do Rio;1039;cm;Chuva;64.4;mm;Temperatura;16.5º;Graus;Umidade;100%;%;Pressão Atmosférica;1012.9;hPa;subindo;Vento;0.0;km/h;Oeste;Leitura realizada em 12/10/2023 às 12:50
Ponte Hannelore Hartmann Eyng - Rio Itajaí do Sul Rio do Sul;Nível do Rio;1198;cm;Chuva;56.6;mm;Temperatura;16.3º;Graus;Umidade;85%;%;Pressão Atmosférica;1011.2;hPa;estável;Vento;0.0;km/h;Oeste;Leitura realizada em 12/10/2023 às 12:50
Ponte Dom Tito Buss     -     Rio Itajaí-Açu    Rio do Sul;Nivel do Rio;1103;cm;Chuva;52.8;mm;Temperatura;16.6º;Graus;Umidade;98%;%;Pressão Atmosférica;1010.5;hPa;estável;Vento;0.0;km/h;Oeste;Leitura realizada em 12/10/2023 às 13:45
Ponte BR-470 - Rio Itajaí do Oeste Rio do Sul;Nível do Rio;1045;cm;Chuva;67.6;mm;Temperatura;16.8º;Graus;Umidade;100%;%;Pressão Atmosférica;1012.2;hPa;estável;Vento;0.0;km/h;Sudoeste;Leitura realizada em 12/10/2023 às 13:45
Ponte Hannelore Hartmann Eyng - Rio Itajaí do Sul Rio do Sul;Nível do Rio;1204;cm;Chuva;59.4;mm;Temperatura;16.7º;Graus;Umidade;87%;%;Pressão Atmosférica;1010.4;hPa;estável;Vento;0.0;km/h;Noroeste;Leitura realizada em 12/10/2023 às 13:45
Ponte Dom Tito Buss     -     Rio Itajaí-Açu    Rio do Sul;Nivel do Rio;1144;cm;Chuva;53.6;mm;Temperatura;17.7º;Graus;Umidade;92%;%;Pressão Atmosférica;1010.8;hPa;estável;Vento;0.0;km/h;Sudeste;Leitura realizada em 12/10/2023 às 17:35
Ponte BR-470 - Rio Itajaí do Oeste Rio do Sul;Nível do Rio;1074;cm;Chuva;68.6;mm;Temperatura;17.2º;Graus;Umidade;100%;%;Pressão Atmosférica;1012.5;hPa;subindo;Vento;0.0;km/h;Sudeste;Leitura realizada em 12/10/2023 às 17:35
Ponte Hannelore Hartmann Eyng - Rio Itajaí do Sul Rio do Sul;Nível do Rio;1268;cm;Chuva;60.2;mm;Temperatura;16.8º;Graus;Umidade;84%;%;Pressão Atmosférica;1010.8;hPa;subindo;Vento;0.0;km/h;Sudoeste;Leitura realizada em 12/10/2023 às 17:35
Ponte Dom Tito Buss     -     Rio Itajaí-Açu    Rio do Sul;Nivel do Rio;1148;cm;Chuva;54.6;mm;Temperatura;17.3º;Graus;Umidade;93%;%;Pressão Atmosférica;1012.3;hPa;subindo;Vento;0.0;km/h;Sudeste;Leitura realizada em 12/10/2023 às 18:25
Ponte BR-470 - Rio Itajaí do Oeste Rio do Sul;Nível do Rio;1080;cm;Chuva;69.4;mm;Temperatura;16.3º;Graus;Umidade;99%;%;Pressão Atmosférica;1013.9;hPa;subindo;Vento;0.0;km/h;Sudeste;Leitura realizada em 12/10/2023 às 18:25
Ponte Hannelore Hartmann Eyng - Rio Itajaí do Sul Rio do Sul;Nível do Rio;1262;cm;Chuva;61.0;mm;Temperatura;16.6º;Graus;Umidade;84%;%;Pressão Atmosférica;1012.4;hPa;subindo;Vento;0.0;km/h;Noroeste;Leitura realizada em 12/10/2023 às 18:25
Ponte Dom Tito Buss     -     Rio Itajaí-Açu    Rio do Sul;Nivel do Rio;1162;cm;Chuva;54.8;mm;Temperatura;16.1º;Graus;Umidade;94%;%;Pressão Atmosférica;1014.6;hPa;subindo rápido;Vento;0.0;km/h;Leste;Leitura realizada em 12/10/2023 às 20:20
Ponte BR-470 - Rio Itajaí do Oeste Rio do Sul;Nível do Rio;1091;cm;Chuva;69.4;mm;Temperatura;15.7º;Graus;Umidade;99%;%;Pressão Atmosférica;1016.0;hPa;subindo rápido;Vento;0.0;km/h;Nordeste;Leitura realizada em 12/10/2023 às 20:20
Ponte Hannelore Hartmann Eyng - Rio Itajaí do Sul Rio do Sul;Nível do Rio;1257;cm;Chuva;61.0;mm;Temperatura;15.3º;Graus;Umidade;10%;%;Pressão Atmosférica;1014.5;hPa;subindo rápido;Vento;0.0;km/h;Sul;Leitura realizada em 12/10/2023 às 20:20
Ponte Dom Tito Buss     -     Rio Itajaí-Açu    Rio do Sul;Nivel do Rio;1177;cm;Chuva;0.0;mm;Temperatura;15.3º;Graus;Umidade;87%;%;Pressão Atmosférica;1019.5;hPa;subindo rápido;Vento;0.0;km/h;Leste;Leitura realizada em 13/10/2023 às 8:15
Ponte BR-470 - Rio Itajaí do Oeste Rio do Sul;Nível do Rio;1108;cm;Chuva;0.0;mm;Temperatura;15.7º;Graus;Umidade;84%;%;Pressão Atmosférica;1021.0;hPa;subindo rápido;Vento;0.0;km/h;Sudeste;Leitura realizada em 13/10/2023 às 8:15
Ponte Hannelore Hartmann Eyng - Rio Itajaí do Sul Rio do Sul;Nível do Rio;1261;cm;Chuva;0.0;mm;Temperatura;13.9º;Graus;Umidade;12%;%;Pressão Atmosférica;1019.6;hPa;subindo rápido;Vento;0.0;km/h;Sudoeste;Leitura realizada em 13/10/2023 às 8:15
Ponte Dom Tito Buss     -     Rio Itajaí-Açu    Rio do Sul;Nivel do Rio;1174;cm;Chuva;0.0;mm;Temperatura;15.6º;Graus;Umidade;83%;%;Pressão Atmosférica;1019.9;hPa;subindo rápido;Vento;0.0;km/h;Leste;Leitura realizada em 13/10/2023 às 9:15
Ponte BR-470 - Rio Itajaí do Oeste Rio do Sul;Nível do Rio;1112;cm;Chuva;0.0;mm;Temperatura;16.2º;Graus;Umidade;80%;%;Pressão Atmosférica;1021.4;hPa;subindo rápido;Vento;0.0;km/h;Sudeste;Leitura realizada em 13/10/2023 às 9:15
Ponte Hannelore Hartmann Eyng - Rio Itajaí do Sul Rio do Sul;Nível do Rio;1254;cm;Chuva;0.0;mm;Temperatura;13.8º;Graus;Umidade;16%;%;Pressão Atmosférica;1019.9;hPa;subindo rápido;Vento;0.0;km/h;Nordeste;Leitura realizada em 13/10/2023 às 9:15
Ponte Dom Tito Buss     -     Rio Itajaí-Açu    Rio do Sul;Nivel do Rio;1170;cm;Chuva;0.0;mm;Temperatura;15.8º;Graus;Umidade;80%;%;Pressão Atmosférica;1020.3;hPa;subindo;Vento;0.0;km/h;Leste;Leitura realizada em 13/10/2023 às 10:30
Ponte BR-470 - Rio Itajaí do Oeste Rio do Sul;Nível do Rio;1106;cm;Chuva;0.0;mm;Temperatura;16.4º;Graus;Umidade;81%;%;Pressão Atmosférica;1021.8;hPa;subindo;Vento;0.0;km/h;Leste;Leitura realizada em 13/10/2023 às 10:30
Ponte Hannelore Hartmann Eyng - Rio Itajaí do Sul Rio do Sul;Nível do Rio;1246;cm;Chuva;0.0;mm;Temperatura;15º;Graus;Umidade;17%;%;Pressão Atmosférica;1020.3;hPa;subindo;Vento;0.0;km/h;Leste;Leitura realizada em 13/10/2023 às 10:30
Ponte Dom Tito Buss     -     Rio Itajaí-Açu    Rio do Sul;Nivel do Rio;1167;cm;Chuva;0.0;mm;Temperatura;15.9º;Graus;Umidade;82%;%;Pressão Atmosférica;1020.2;hPa;subindo;Vento;0.0;km/h;Sudeste;Leitura realizada em 13/10/2023 às 11:25
Ponte BR-470 - Rio Itajaí do Oeste Rio do Sul;Nível do Rio;1104;cm;Chuva;0.0;mm;Temperatura;16.3º;Graus;Umidade;81%;%;Pressão Atmosférica;1021.7;hPa;subindo;Vento;0.0;km/h;Norte;Leitura realizada em 13/10/2023 às 11:25
Ponte Hannelore Hartmann Eyng - Rio Itajaí do Sul Rio do Sul;Nível do Rio;1239;cm;Chuva;0.0;mm;Temperatura;16.2º;Graus;Umidade;89%;%;Pressão Atmosférica;1020.2;hPa;subindo;Vento;0.0;km/h;Leste;Leitura realizada em 13/10/2023 às 11:25
Ponte Dom Tito Buss     -     Rio Itajaí-Açu    Rio do Sul;Nivel do Rio;1164;cm;Chuva;0.0;mm;Temperatura;15.7º;Graus;Umidade;82%;%;Pressão Atmosférica;1020.4;hPa;estável;Vento;0.0;km/h;Leste;Leitura realizada em 13/10/2023 às 12:15
Ponte BR-470 - Rio Itajaí do Oeste Rio do Sul;Nível do Rio;1103;cm;Chuva;0.0;mm;Temperatura;16.4º;Graus;Umidade;82%;%;Pressão Atmosférica;1021.8;hPa;estável;Vento;0.0;km/h;Leste;Leitura realizada em 13/10/2023 às 12:15
Ponte Hannelore Hartmann Eyng - Rio Itajaí do Sul Rio do Sul;Nível do Rio;1233;cm;Chuva;0.0;mm;Temperatura;16.3º;Graus;Umidade;85%;%;Pressão Atmosférica;1020.2;hPa;estável;Vento;0.0;km/h;Leste;Leitura realizada em 13/10/2023 às 12:15
Ponte Dom Tito Buss     -     Rio Itajaí-Açu    Rio do Sul;Nivel do Rio;1161;cm;Chuva;0.0;mm;Temperatura;16.1º;Graus;Umidade;83%;%;Pressão Atmosférica;1020.0;hPa;estável;Vento;0.0;km/h;Sudeste;Leitura realizada em 13/10/2023 às 13:05
Ponte BR-470 - Rio Itajaí do Oeste Rio do Sul;Nível do Rio;1101;cm;Chuva;0.0;mm;Temperatura;16.4º;Graus;Umidade;81%;%;Pressão Atmosférica;1021.5;hPa;estável;Vento;0.0;km/h;Leste;Leitura realizada em 13/10/2023 às 13:05
Ponte Hannelore Hartmann Eyng - Rio Itajaí do Sul Rio do Sul;Nível do Rio;1228;cm;Chuva;0.0;mm;Temperatura;16.4º;Graus;Umidade;83%;%;Pressão Atmosférica;1019.8;hPa;estável;Vento;0.0;km/h;Norte;Leitura realizada em 13/10/2023 às 13:05
Ponte Dom Tito Buss     -     Rio Itajaí-Açu    Rio do Sul;Nivel do Rio;1158;cm;Chuva;0.0;mm;Temperatura;16º;Graus;Umidade;85%;%;Pressão Atmosférica;1019.7;hPa;estável;Vento;0.0;km/h;Leste;Leitura realizada em 13/10/2023 às 14:00
Ponte BR-470 - Rio Itajaí do Oeste Rio do Sul;Nível do Rio;1099;cm;Chuva;0.0;mm;Temperatura;17.1º;Graus;Umidade;81%;%;Pressão Atmosférica;1021.1;hPa;estável;Vento;1.6;km/h;Leste;Leitura realizada em 13/10/2023 às 14:00
Ponte Hannelore Hartmann Eyng - Rio Itajaí do Sul Rio do Sul;Nível do Rio;1222;cm;Chuva;0.0;mm;Temperatura;16.5º;Graus;Umidade;85%;%;Pressão Atmosférica;1019.3;hPa;caindo;Vento;0.0;km/h;Nordeste;Leitura realizada em 13/10/2023 às 14:00
Ponte Dom Tito Buss     -     Rio Itajaí-Açu    Rio do Sul;Nivel do Rio;1153;cm;Chuva;0.0;mm;Temperatura;16.2º;Graus;Umidade;83%;%;Pressão Atmosférica;1019.5;hPa;caindo;Vento;0.0;km/h;Nordeste;Leitura realizada em 13/10/2023 às 14:50
Ponte BR-470 - Rio Itajaí do Oeste Rio do Sul;Nível do Rio;1097;cm;Chuva;0.0;mm;Temperatura;16.7º;Graus;Umidade;82%;%;Pressão Atmosférica;1020.9;hPa;caindo;Vento;0.0;km/h;Nordeste;Leitura realizada em 13/10/2023 às 14:50
Ponte Hannelore Hartmann Eyng - Rio Itajaí do Sul Rio do Sul;Nível do Rio;1218;cm;Chuva;0.0;mm;Temperatura;16.7º;Graus;Umidade;84%;%;Pressão Atmosférica;1019.2;hPa;caindo;Vento;0.0;km/h;Leste;Leitura realizada em 13/10/2023 às 14:50
Ponte Dom Tito Buss     -     Rio Itajaí-Açu    Rio do Sul;Nivel do Rio;1151;cm;Chuva;0.0;mm;Temperatura;15.9º;Graus;Umidade;86%;%;Pressão Atmosférica;1019.4;hPa;caindo;Vento;0.0;km/h;Leste;Leitura realizada em 13/10/2023 às 15:40
Ponte BR-470 - Rio Itajaí do Oeste Rio do Sul;Nível do Rio;1095;cm;Chuva;0.0;mm;Temperatura;16.6º;Graus;Umidade;83%;%;Pressão Atmosférica;1020.8;hPa;caindo;Vento;0.0;km/h;Sudeste;Leitura realizada em 13/10/2023 às 15:40
Ponte Hannelore Hartmann Eyng - Rio Itajaí do Sul Rio do Sul;Nível do Rio;1211;cm;Chuva;0.0;mm;Temperatura;16.4º;Graus;Umidade;85%;%;Pressão Atmosférica;1019.1;hPa;caindo;Vento;0.0;km/h;Norte;Leitura realizada em 13/10/2023 às 15:40
Ponte Dom Tito Buss     -     Rio Itajaí-Açu    Rio do Sul;Nivel do Rio;1070;cm;Chuva;0.0;mm;Temperatura;16.4º;Graus;Umidade;81%;%;Pressão Atmosférica;1024.2;hPa;subindo;Vento;0.0;km/h;Leste;Leitura realizada em 14/10/2023 às 9:40
Ponte BR-470 - Rio Itajaí do Oeste Rio do Sul;Nível do Rio;1047;cm;Chuva;0.0;mm;Temperatura;16.7º;Graus;Umidade;85%;%;Pressão Atmosférica;1026.0;hPa;subindo rápido;Vento;0.0;km/h;Sul;Leitura realizada em 14/10/2023 às 9:40
Ponte Hannelore Hartmann Eyng - Rio Itajaí do Sul Rio do Sul;Nível do Rio;1108;cm;Chuva;0.0;mm;Temperatura;16.9º;Graus;Umidade;83%;%;Pressão Atmosférica;1024.1;hPa;subindo;Vento;0.0;km/h;Norte;Leitura realizada em 14/10/2023 às 9:40
Ponte Dom Tito Buss     -     Rio Itajaí-Açu    Rio do Sul;Nivel do Rio;1063;cm;Chuva;0.0;mm;Temperatura;17º;Graus;Umidade;82%;%;Pressão Atmosférica;1024.0;hPa;estável;Vento;0.0;km/h;Sudeste;Leitura realizada em 14/10/2023 às 10:35
Ponte BR-470 - Rio Itajaí do Oeste Rio do Sul;Nível do Rio;1045;cm;Chuva;0.0;mm;Temperatura;17.4º;Graus;Umidade;81%;%;Pressão Atmosférica;1025.7;hPa;subindo;Vento;0.0;km/h;Sudeste;Leitura realizada em 14/10/2023 às 10:35
Ponte Hannelore Hartmann Eyng - Rio Itajaí do Sul Rio do Sul;Nível do Rio;1103;cm;Chuva;0.0;mm;Temperatura;17.3º;Graus;Umidade;83%;%;Pressão Atmosférica;1023.8;hPa;subindo;Vento;0.0;km/h;Sul;Leitura realizada em 14/10/2023 às 10:35
Ponte Dom Tito Buss     -     Rio Itajaí-Açu    Rio do Sul;Nivel do Rio;1059;cm;Chuva;0.0;mm;Temperatura;17.5º;Graus;Umidade;79%;%;Pressão Atmosférica;1023.7;hPa;estável;Vento;0.0;km/h;Leste;Leitura realizada em 14/10/2023 às 11:25
Ponte BR-470 - Rio Itajaí do Oeste Rio do Sul;Nível do Rio;1042;cm;Chuva;0.0;mm;Temperatura;17.9º;Graus;Umidade;80%;%;Pressão Atmosférica;1025.4;hPa;estável;Vento;0.0;km/h;Leste;Leitura realizada em 14/10/2023 às 11:25
Ponte Hannelore Hartmann Eyng - Rio Itajaí do Sul Rio do Sul;Nível do Rio;1099;cm;Chuva;0.0;mm;Temperatura;17.9º;Graus;Umidade;80%;%;Pressão Atmosférica;1023.5;hPa;estável;Vento;0.0;km/h;Oeste;Leitura realizada em 14/10/2023 às 11:25
Ponte Dom Tito Buss     -     Rio Itajaí-Açu    Rio do Sul;Nivel do Rio;1057;cm;Chuva;0.0;mm;Temperatura;17.2º;Graus;Umidade;83%;%;Pressão Atmosférica;1023.3;hPa;estável;Vento;0.0;km/h;Sudeste;Leitura realizada em 14/10/2023 às 12:15
Ponte BR-470 - Rio Itajaí do Oeste Rio do Sul;Nível do Rio;1039;cm;Chuva;0.0;mm;Temperatura;17.8º;Graus;Umidade;82%;%;Pressão Atmosférica;1024.9;hPa;estável;Vento;0.0;km/h;Leste;Leitura realizada em 14/10/2023 às 12:15
Ponte Hannelore Hartmann Eyng - Rio Itajaí do Sul Rio do Sul;Nível do Rio;1094;cm;Chuva;0.0;mm;Temperatura;17.4º;Graus;Umidade;83%;%;Pressão Atmosférica;1023.2;hPa;estável;Vento;0.0;km/h;Leste;Leitura realizada em 14/10/2023 às 12:15
Ponte Dom Tito Buss     -     Rio Itajaí-Açu    Rio do Sul;Nivel do Rio;1051;cm;Chuva;0.0;mm;Temperatura;17.7º;Graus;Umidade;80%;%;Pressão Atmosférica;1022.7;hPa;caindo;Vento;0.0;km/h;Leste;Leitura realizada em 14/10/2023 às 13:05
Ponte BR-470 - Rio Itajaí do Oeste Rio do Sul;Nível do Rio;1037;cm;Chuva;0.0;mm;Temperatura;18.4º;Graus;Umidade;80%;%;Pressão Atmosférica;1024.1;hPa;caindo;Vento;3.2;km/h;Leste;Leitura realizada em 14/10/2023 às 13:05
Ponte Hannelore Hartmann Eyng - Rio Itajaí do Sul Rio do Sul;Nível do Rio;1089;cm;Chuva;0.0;mm;Temperatura;18.1º;Graus;Umidade;80%;%;Pressão Atmosférica;1022.4;hPa;caindo;Vento;0.0;km/h;Sudeste;Leitura realizada em 14/10/2023 às 13:05
Ponte Dom Tito Buss     -     Rio Itajaí-Açu    Rio do Sul;Nivel do Rio;1049;cm;Chuva;0.0;mm;Temperatura;16.9º;Graus;Umidade;85%;%;Pressão Atmosférica;1022.0;hPa;caindo;Vento;0.0;km/h;Leste;Leitura realizada em 14/10/2023 às 13:55
Ponte BR-470 - Rio Itajaí do Oeste Rio do Sul;Nível do Rio;1034;cm;Chuva;0.0;mm;Temperatura;17.8º;Graus;Umidade;83%;%;Pressão Atmosférica;1023.4;hPa;caindo rápido;Vento;0.0;km/h;Leste;Leitura realizada em 14/10/2023 às 13:55
Ponte Hannelore Hartmann Eyng - Rio Itajaí do Sul Rio do Sul;Nível do Rio;1085;cm;Chuva;0.0;mm;Temperatura;17.4º;Graus;Umidade;84%;%;Pressão Atmosférica;1021.7;hPa;caindo;Vento;0.0;km/h;Leste;Leitura realizada em 14/10/2023 às 13:55
Ponte Dom Tito Buss     -     Rio Itajaí-Açu    Rio do Sul;Nivel do Rio;1048;cm;Chuva;0.0;mm;Temperatura;16.7º;Graus;Umidade;86%;%;Pressão Atmosférica;1021.5;hPa;caindo;Vento;0.0;km/h;Leste;Leitura realizada em 14/10/2023 às 15:10
Ponte BR-470 - Rio Itajaí do Oeste Rio do Sul;Nível do Rio;1030;cm;Chuva;0.0;mm;Temperatura;17.1º;Graus;Umidade;86%;%;Pressão Atmosférica;1022.9;hPa;caindo rápido;Vento;0.0;km/h;Nordeste;Leitura realizada em 14/10/2023 às 15:10
Ponte Hannelore Hartmann Eyng - Rio Itajaí do Sul Rio do Sul;Nível do Rio;1079;cm;Chuva;0.0;mm;Temperatura;16.9º;Graus;Umidade;87%;%;Pressão Atmosférica;1021.3;hPa;caindo rápido;Vento;0.0;km/h;Leste;Leitura realizada em 14/10/2023 às 15:10
Ponte Dom Tito Buss     -     Rio Itajaí-Açu    Rio do Sul;Nivel do Rio;1041;cm;Chuva;0.0;mm;Temperatura;15.6º;Graus;Umidade;91%;%;Pressão Atmosférica;1021.9;hPa;caindo;Vento;0.0;km/h;Nordeste;Leitura realizada em 14/10/2023 às 15:55
Ponte BR-470 - Rio Itajaí do Oeste Rio do Sul;Nível do Rio;1029;cm;Chuva;0.0;mm;Temperatura;15.8º;Graus;Umidade;93%;%;Pressão Atmosférica;1023.4;hPa;caindo;Vento;4.8;km/h;Sudeste;Leitura realizada em 14/10/2023 às 16:00
Ponte Hannelore Hartmann Eyng - Rio Itajaí do Sul Rio do Sul;Nível do Rio;1075;cm;Chuva;0.0;mm;Temperatura;16.1º;Graus;Umidade;89%;%;Pressão Atmosférica;1021.6;hPa;caindo;Vento;0.0;km/h;Norte;Leitura realizada em 14/10/2023 às 16:00
Ponte Dom Tito Buss     -     Rio Itajaí-Açu    Rio do Sul;Nivel do Rio;968;cm;Chuva;0.0;mm;Temperatura;17.1º;Graus;Umidade;84%;%;Pressão Atmosférica;1023.4;hPa;subindo;Vento;0.0;km/h;Leste;Leitura realizada em 15/10/2023 às 9:00
Ponte BR-470 - Rio Itajaí do Oeste Rio do Sul;Nível do Rio;970;cm;Chuva;0.0;mm;Temperatura;17.2º;Graus;Umidade;87%;%;Pressão Atmosférica;1025.1;hPa;subindo;Vento;0.0;km/h;Sudeste;Leitura realizada em 15/10/2023 às 9:00
Ponte Hannelore Hartmann Eyng - Rio Itajaí do Sul Rio do Sul;Nível do Rio;997;cm;Chuva;0.0;mm;Temperatura;17.7º;Graus;Umidade;84%;%;Pressão Atmosférica;1023.2;hPa;subindo;Vento;0.0;km/h;Nordeste;Leitura realizada em 15/10/2023 às 9:00
Ponte Dom Tito Buss     -     Rio Itajaí-Açu    Rio do Sul;Nivel do Rio;964;cm;Chuva;0.0;mm;Temperatura;17.4º;Graus;Umidade;85%;%;Pressão Atmosférica;1023.3;hPa;estável;Vento;0.0;km/h;Sudeste;Leitura realizada em 15/10/2023 às 9:55
Ponte BR-470 - Rio Itajaí do Oeste Rio do Sul;Nível do Rio;967;cm;Chuva;0.0;mm;Temperatura;17.7º;Graus;Umidade;85%;%;Pressão Atmosférica;1024.8;hPa;estável;Vento;4.8;km/h;Nordeste;Leitura realizada em 15/10/2023 às 9:55
Ponte Hannelore Hartmann Eyng - Rio Itajaí do Sul Rio do Sul;Nível do Rio;994;cm;Chuva;0.0;mm;Temperatura;17.7º;Graus;Umidade;84%;%;Pressão Atmosférica;1023.1;hPa;estável;Vento;0.0;km/h;Norte;Leitura realizada em 15/10/2023 às 9:55
Ponte Dom Tito Buss     -     Rio Itajaí-Açu    Rio do Sul;Nivel do Rio;960;cm;Chuva;0.0;mm;Temperatura;18.1º;Graus;Umidade;81%;%;Pressão Atmosférica;1022.8;hPa;estável;Vento;0.0;km/h;Sudeste;Leitura realizada em 15/10/2023 às 10:45
Ponte BR-470 - Rio Itajaí do Oeste Rio do Sul;Nível do Rio;964;cm;Chuva;0.0;mm;Temperatura;18.7º;Graus;Umidade;82%;%;Pressão Atmosférica;1024.4;hPa;estável;Vento;6.4;km/h;Nordeste;Leitura realizada em 15/10/2023 às 10:45
Ponte Hannelore Hartmann Eyng - Rio Itajaí do Sul Rio do Sul;Nível do Rio;989;cm;Chuva;0.0;mm;Temperatura;18.8º;Graus;Umidade;80%;%;Pressão Atmosférica;1022.8;hPa;estável;Vento;0.0;km/h;Nordeste;Leitura realizada em 15/10/2023 às 10:45
Ponte Dom Tito Buss     -     Rio Itajaí-Açu    Rio do Sul;Nivel do Rio;950;cm;Chuva;0.0;mm;Temperatura;18.8º;Graus;Umidade;80%;%;Pressão Atmosférica;1021.3;hPa;caindo;Vento;0.0;km/h;Sudeste;Leitura realizada em 15/10/2023 às 13:00
Ponte BR-470 - Rio Itajaí do Oeste Rio do Sul;Nível do Rio;955;cm;Chuva;0.0;mm;Temperatura;19º;Graus;Umidade;82%;%;Pressão Atmosférica;1022.7;hPa;caindo rápido;Vento;0.0;km/h;Leste;Leitura realizada em 15/10/2023 às 13:00
Ponte Hannelore Hartmann Eyng - Rio Itajaí do Sul Rio do Sul;Nível do Rio;979;cm;Chuva;0.0;mm;Temperatura;19.3º;Graus;Umidade;80%;%;Pressão Atmosférica;1020.9;hPa;caindo rápido;Vento;0.0;km/h;Oeste;Leitura realizada em 15/10/2023 às 13:00
Ponte Dom Tito Buss     -     Rio Itajaí-Açu    Rio do Sul;Nivel do Rio;947;cm;Chuva;0.0;mm;Temperatura;19º;Graus;Umidade;81%;%;Pressão Atmosférica;1020.6;hPa;caindo rápido;Vento;0.0;km/h;Leste;Leitura realizada em 15/10/2023 às 13:50
Ponte BR-470 - Rio Itajaí do Oeste Rio do Sul;Nível do Rio;951;cm;Chuva;0.0;mm;Temperatura;19.8º;Graus;Umidade;80%;%;Pressão Atmosférica;1022.1;hPa;caindo rápido;Vento;9.7;km/h;Nordeste;Leitura realizada em 15/10/2023 às 13:50
Ponte Hannelore Hartmann Eyng - Rio Itajaí do Sul Rio do Sul;Nível do Rio;974;cm;Chuva;0.0;mm;Temperatura;19.8º;Graus;Umidade;79%;%;Pressão Atmosférica;1020.2;hPa;caindo rápido;Vento;0.0;km/h;Nordeste;Leitura realizada em 15/10/2023 às 13:50
Ponte Dom Tito Buss     -     Rio Itajaí-Açu    Rio do Sul;Nivel do Rio;948;cm;Chuva;0.0;mm;Temperatura;18.2º;Graus;Umidade;85%;%;Pressão Atmosférica;1020.0;hPa;caindo rápido;Vento;0.0;km/h;Nordeste;Leitura realizada em 15/10/2023 às 14:40
Ponte BR-470 - Rio Itajaí do Oeste Rio do Sul;Nível do Rio;947;cm;Chuva;0.0;mm;Temperatura;18.9º;Graus;Umidade;84%;%;Pressão Atmosférica;1021.5;hPa;caindo rápido;Vento;8.0;km/h;Nordeste;Leitura realizada em 15/10/2023 às 14:40
Ponte Hannelore Hartmann Eyng - Rio Itajaí do Sul Rio do Sul;Nível do Rio;970;cm;Chuva;0.0;mm;Temperatura;19º;Graus;Umidade;83%;%;Pressão Atmosférica;1019.6;hPa;caindo rápido;Vento;0.0;km/h;Nordeste;Leitura realizada em 15/10/2023 às 14:40
Ponte Dom Tito Buss     -     Rio Itajaí-Açu    Rio do Sul;Nivel do Rio;939;cm;Chuva;0.0;mm;Temperatura;18.7º;Graus;Umidade;84%;%;Pressão Atmosférica;1019.4;hPa;caindo rápido;Vento;0.0;km/h;Sudeste;Leitura realizada em 15/10/2023 às 15:35
Ponte BR-470 - Rio Itajaí do Oeste Rio do Sul;Nível do Rio;944;cm;Chuva;0.0;mm;Temperatura;18.9º;Graus;Umidade;85%;%;Pressão Atmosférica;1021.0;hPa;caindo rápido;Vento;6.4;km/h;Leste;Leitura realizada em 15/10/2023 às 15:30
Ponte Hannelore Hartmann Eyng - Rio Itajaí do Sul Rio do Sul;Nível do Rio;967;cm;Chuva;0.0;mm;Temperatura;19.2º;Graus;Umidade;82%;%;Pressão Atmosférica;1019.0;hPa;caindo rápido;Vento;0.0;km/h;Norte;Leitura realizada em 15/10/2023 às 15:35
Ponte Dom Tito Buss     -     Rio Itajaí-Açu    Rio do Sul;Nivel do Rio;934;cm;Chuva;0.0;mm;Temperatura;18.5º;Graus;Umidade;85%;%;Pressão Atmosférica;1019.3;hPa;caindo;Vento;0.0;km/h;Nordeste;Leitura realizada em 15/10/2023 às 16:25
Ponte BR-470 - Rio Itajaí do Oeste Rio do Sul;Nível do Rio;940;cm;Chuva;0.0;mm;Temperatura;19.2º;Graus;Umidade;85%;%;Pressão Atmosférica;1020.7;hPa;caindo;Vento;0.0;km/h;Leste;Leitura realizada em 15/10/2023 às 16:25
Ponte Hannelore Hartmann Eyng - Rio Itajaí do Sul Rio do Sul;Nível do Rio;964;cm;Chuva;0.0;mm;Temperatura;19º;Graus;Umidade;83%;%;Pressão Atmosférica;1018.9;hPa;caindo;Vento;0.0;km/h;Nordeste;Leitura realizada em 15/10/2023 às 16:25
Ponte Dom Tito Buss     -     Rio Itajaí-Açu    Rio do Sul;Nivel do Rio;859;cm;Chuva;0.0;mm;Temperatura;18.3º;Graus;Umidade;91%;%;Pressão Atmosférica;1017.4;hPa;estável;Vento;0.0;km/h;Sudeste;Leitura realizada em 16/10/2023 às 8:25
Ponte BR-470 - Rio Itajaí do Oeste Rio do Sul;Nível do Rio;868;cm;Chuva;0.0;mm;Temperatura;18.3º;Graus;Umidade;94%;%;Pressão Atmosférica;1018.9;hPa;estável;Vento;0.0;km/h;Sudoeste;Leitura realizada em 16/10/2023 às 8:25
Ponte Hannelore Hartmann Eyng - Rio Itajaí do Sul Rio do Sul;Nível do Rio;886;cm;Chuva;0.0;mm;Temperatura;18.4º;Graus;Umidade;88%;%;Pressão Atmosférica;1017.1;hPa;estável;Vento;0.0;km/h;Sul;Leitura realizada em 16/10/2023 às 8:25
Ponte Dom Tito Buss     -     Rio Itajaí-Açu    Rio do Sul;Nivel do Rio;854;cm;Chuva;0.0;mm;Temperatura;19.3º;Graus;Umidade;88%;%;Pressão Atmosférica;1016.6;hPa;estável;Vento;0.0;km/h;Leste;Leitura realizada em 16/10/2023 às 9:15
Ponte BR-470 - Rio Itajaí do Oeste Rio do Sul;Nível do Rio;863;cm;Chuva;0.0;mm;Temperatura;19.6º;Graus;Umidade;90%;%;Pressão Atmosférica;1017.9;hPa;estável;Vento;0.0;km/h;Leste;Leitura realizada em 16/10/2023 às 9:15
Ponte Hannelore Hartmann Eyng - Rio Itajaí do Sul Rio do Sul;Nível do Rio;881;cm;Chuva;0.0;mm;Temperatura;20.1º;Graus;Umidade;88%;%;Pressão Atmosférica;1016.2;hPa;caindo;Vento;0.0;km/h;Norte;Leitura realizada em 16/10/2023 às 9:15
Ponte Dom Tito Buss     -     Rio Itajaí-Açu    Rio do Sul;Nivel do Rio;850;cm;Chuva;0.0;mm;Temperatura;19.9º;Graus;Umidade;88%;%;Pressão Atmosférica;1016.3;hPa;caindo;Vento;0.0;km/h;Nordeste;Leitura realizada em 16/10/2023 às 10:05
Ponte BR-470 - Rio Itajaí do Oeste Rio do Sul;Nível do Rio;860;cm;Chuva;0.0;mm;Temperatura;20.2º;Graus;Umidade;88%;%;Pressão Atmosférica;1017.5;hPa;caindo;Vento;0.0;km/h;Nordeste;Leitura realizada em 16/10/2023 às 10:05
Ponte Hannelore Hartmann Eyng - Rio Itajaí do Sul Rio do Sul;Nível do Rio;884;cm;Chuva;0.0;mm;Temperatura;20.6º;Graus;Umidade;86%;%;Pressão Atmosférica;1015.9;hPa;caindo;Vento;0.0;km/h;Noroeste;Leitura realizada em 16/10/2023 às 10:05
Ponte Dom Tito Buss     -     Rio Itajaí-Açu    Rio do Sul;Nivel do Rio;847;cm;Chuva;0.4;mm;Temperatura;20º;Graus;Umidade;89%;%;Pressão Atmosférica;1015.8;hPa;caindo;Vento;0.0;km/h;Nordeste;Leitura realizada em 16/10/2023 às 10:55
Ponte BR-470 - Rio Itajaí do Oeste Rio do Sul;Nível do Rio;859;cm;Chuva;0.0;mm;Temperatura;20.4º;Graus;Umidade;88%;%;Pressão Atmosférica;1017.7;hPa;caindo;Vento;0.0;km/h;Leste;Leitura realizada em 16/10/2023 às 10:20
Ponte Hannelore Hartmann Eyng - Rio Itajaí do Sul Rio do Sul;Nível do Rio;874;cm;Chuva;3.0;mm;Temperatura;19.9º;Graus;Umidade;86%;%;Pressão Atmosférica;1015.4;hPa;caindo;Vento;0.0;km/h;Noroeste;Leitura realizada em 16/10/2023 às 10:55
Ponte Dom Tito Buss     -     Rio Itajaí-Açu    Rio do Sul;Nivel do Rio;842;cm;Chuva;0.4;mm;Temperatura;20.6º;Graus;Umidade;87%;%;Pressão Atmosférica;1015.2;hPa;caindo rápido;Vento;0.0;km/h;Sudeste;Leitura realizada em 16/10/2023 às 11:45
Ponte BR-470 - Rio Itajaí do Oeste Rio do Sul;Nível do Rio;852;cm;Chuva;6.6;mm;Temperatura;19.3º;Graus;Umidade;98%;%;Pressão Atmosférica;1016.6;hPa;caindo rápido;Vento;0.0;km/h;Leste;Leitura realizada em 16/10/2023 às 11:45
Ponte Hannelore Hartmann Eyng - Rio Itajaí do Sul Rio do Sul;Nível do Rio;869;cm;Chuva;3.0;mm;Temperatura;20.7º;Graus;Umidade;88%;%;Pressão Atmosférica;1014.7;hPa;caindo rápido;Vento;0.0;km/h;Noroeste;Leitura realizada em 16/10/2023 às 11:45
Ponte Dom Tito Buss     -     Rio Itajaí-Açu    Rio do Sul;Nivel do Rio;839;cm;Chuva;0.4;mm;Temperatura;21º;Graus;Umidade;85%;%;Pressão Atmosférica;1015.1;hPa;caindo;Vento;0.0;km/h;Nordeste;Leitura realizada em 16/10/2023 às 12:35
Ponte BR-470 - Rio Itajaí do Oeste Rio do Sul;Nível do Rio;848;cm;Chuva;6.6;mm;Temperatura;19.8º;Graus;Umidade;98%;%;Pressão Atmosférica;1016.9;hPa;caindo;Vento;0.0;km/h;Sudoeste;Leitura realizada em 16/10/2023 às 12:35
Ponte Hannelore Hartmann Eyng - Rio Itajaí do Sul Rio do Sul;Nível do Rio;866;cm;Chuva;3.0;mm;Temperatura;21º;Graus;Umidade;88%;%;Pressão Atmosférica;1014.7;hPa;caindo;Vento;0.0;km/h;Sudeste;Leitura realizada em 16/10/2023 às 12:35
Ponte Dom Tito Buss     -     Rio Itajaí-Açu    Rio do Sul;Nivel do Rio;830;cm;Chuva;1.0;mm;Temperatura;20.6º;Graus;Umidade;90%;%;Pressão Atmosférica;1012.6;hPa;caindo;Vento;8.0;km/h;Sudeste;Leitura realizada em 16/10/2023 às 15:40
Ponte BR-470 - Rio Itajaí do Oeste Rio do Sul;Nível do Rio;833;cm;Chuva;9.2;mm;Temperatura;19.7º;Graus;Umidade;99%;%;Pressão Atmosférica;1014.1;hPa;caindo rápido;Vento;0.0;km/h;Norte;Leitura realizada em 16/10/2023 às 15:40
Ponte Hannelore Hartmann Eyng - Rio Itajaí do Sul Rio do Sul;Nível do Rio;853;cm;Chuva;4.6;mm;Temperatura;19.8º;Graus;Umidade;61%;%;Pressão Atmosférica;1012.4;hPa;caindo;Vento;0.0;km/h;Sudoeste;Leitura realizada em 16/10/2023 às 15:40
Ponte Dom Tito Buss     -     Rio Itajaí-Açu    Rio do Sul;Nivel do Rio;823;cm;Chuva;1.0;mm;Temperatura;20.6º;Graus;Umidade;89%;%;Pressão Atmosférica;1012.9;hPa;caindo;Vento;0.0;km/h;Leste;Leitura realizada em 16/10/2023 às 16:30
Ponte BR-470 - Rio Itajaí do Oeste Rio do Sul;Nível do Rio;828;cm;Chuva;9.2;mm;Temperatura;20.5º;Graus;Umidade;93%;%;Pressão Atmosférica;1014.6;hPa;caindo;Vento;0.0;km/h;Sul;Leitura realizada em 16/10/2023 às 16:30
Ponte Hannelore Hartmann Eyng - Rio Itajaí do Sul Rio do Sul;Nível do Rio;853;cm;Chuva;4.6;mm;Temperatura;20.6º;Graus;Umidade;88%;%;Pressão Atmosférica;1012.5;hPa;caindo;Vento;0.0;km/h;Nordeste;Leitura realizada em 16/10/2023 às 16:30
Ponte Dom Tito Buss     -     Rio Itajaí-Açu    Rio do Sul;Nivel do Rio;820;cm;Chuva;1.8;mm;Temperatura;19.6º;Graus;Umidade;93%;%;Pressão Atmosférica;1014.3;hPa;estável;Vento;0.0;km/h;Sudeste;Leitura realizada em 16/10/2023 às 17:20
Ponte BR-470 - Rio Itajaí do Oeste Rio do Sul;Nível do Rio;825;cm;Chuva;12.2;mm;Temperatura;19.6º;Graus;Umidade;96%;%;Pressão Atmosférica;1016.8;hPa;estável;Vento;14.5;km/h;Sudoeste;Leitura realizada em 16/10/2023 às 17:20
Ponte Hannelore Hartmann Eyng - Rio Itajaí do Sul Rio do Sul;Nível do Rio;847;cm;Chuva;6.8;mm;Temperatura;19.5º;Graus;Umidade;70%;%;Pressão Atmosférica;1014.4;hPa;estável;Vento;0.0;km/h;Sudoeste;Leitura realizada em 16/10/2023 às 17:20
Ponte Dom Tito Buss     -     Rio Itajaí-Açu    Rio do Sul;Nivel do Rio;833;cm;Chuva;29.8;mm;Temperatura;18.2º;Graus;Umidade;97%;%;Pressão Atmosférica;1017.5;hPa;subindo rápido;Vento;0.0;km/h;Sudeste;Leitura realizada em 16/10/2023 às 18:15
Ponte BR-470 - Rio Itajaí do Oeste Rio do Sul;Nível do Rio;827;cm;Chuva;45.6;mm;Temperatura;18º;Graus;Umidade;99%;%;Pressão Atmosférica;1018.6;hPa;subindo rápido;Vento;8.0;km/h;Leste;Leitura realizada em 16/10/2023 às 18:15
Ponte Hannelore Hartmann Eyng - Rio Itajaí do Sul Rio do Sul;Nível do Rio;877;cm;Chuva;38.2;mm;Temperatura;17.8º;Graus;Umidade;26%;%;Pressão Atmosférica;1017.2;hPa;subindo rápido;Vento;0.0;km/h;Sudoeste;Leitura realizada em 16/10/2023 às 18:15
Ponte Dom Tito Buss     -     Rio Itajaí-Açu    Rio do Sul;Nivel do Rio;896;cm;Chuva;7.4;mm;Temperatura;19.3º;Graus;Umidade;92%;%;Pressão Atmosférica;1013.9;hPa;subindo rápido;Vento;0.0;km/h;Oeste;Leitura realizada em 17/10/2023 às 10:10
Ponte BR-470 - Rio Itajaí do Oeste Rio do Sul;Nível do Rio;862;cm;Chuva;10.6;mm;Temperatura;18.7º;Graus;Umidade;100%;%;Pressão Atmosférica;1015.9;hPa;subindo rápido;Vento;0.0;km/h;Noroeste;Leitura realizada em 17/10/2023 às 10:10
Ponte Hannelore Hartmann Eyng - Rio Itajaí do Sul Rio do Sul;Nível do Rio;948;cm;Chuva;8.0;mm;Temperatura;18.3º;Graus;Umidade;84%;%;Pressão Atmosférica;1013.9;hPa;subindo rápido;Vento;0.0;km/h;Noroeste;Leitura realizada em 17/10/2023 às 10:10
Ponte Dom Tito Buss     -     Rio Itajaí-Açu    Rio do Sul;Nivel do Rio;891;cm;Chuva;7.4;mm;Temperatura;19.4º;Graus;Umidade;91%;%;Pressão Atmosférica;1014.2;hPa;subindo rápido;Vento;0.0;km/h;Noroeste;Leitura realizada em 17/10/2023 às 10:15
Ponte BR-470 - Rio Itajaí do Oeste Rio do Sul;Nível do Rio;861;cm;Chuva;10.6;mm;Temperatura;18.6º;Graus;Umidade;100%;%;Pressão Atmosférica;1015.8;hPa;subindo rápido;Vento;0.0;km/h;Noroeste;Leitura realizada em 17/10/2023 às 10:15
Ponte Hannelore Hartmann Eyng - Rio Itajaí do Sul Rio do Sul;Nível do Rio;947;cm;Chuva;8.0;mm;Temperatura;18.3º;Graus;Umidade;84%;%;Pressão Atmosférica;1014.1;hPa;subindo rápido;Vento;0.0;km/h;Sul;Leitura realizada em 17/10/2023 às 10:15
Ponte Dom Tito Buss     -     Rio Itajaí-Açu    Rio do Sul;Nivel do Rio;892;cm;Chuva;7.4;mm;Temperatura;20.4º;Graus;Umidade;89%;%;Pressão Atmosférica;1013.2;hPa;subindo;Vento;0.0;km/h;Sudeste;Leitura realizada em 17/10/2023 às 11:10
Ponte BR-470 - Rio Itajaí do Oeste Rio do Sul;Nível do Rio;860;cm;Chuva;10.6;mm;Temperatura;19.2º;Graus;Umidade;100%;%;Pressão Atmosférica;1014.8;hPa;subindo;Vento;0.0;km/h;Sudeste;Leitura realizada em 17/10/2023 às 11:10
Ponte Hannelore Hartmann Eyng - Rio Itajaí do Sul Rio do Sul;Nível do Rio;945;cm;Chuva;8.0;mm;Temperatura;19.1º;Graus;Umidade;83%;%;Pressão Atmosférica;1013.2;hPa;subindo;Vento;0.0;km/h;Sul;Leitura realizada em 17/10/2023 às 11:10
Ponte Dom Tito Buss     -     Rio Itajaí-Açu    Rio do Sul;Nivel do Rio;889;cm;Chuva;7.4;mm;Temperatura;20.5º;Graus;Umidade;89%;%;Pressão Atmosférica;1014.1;hPa;subindo rápido;Vento;0.0;km/h;Noroeste;Leitura realizada em 17/10/2023 às 12:05
Ponte BR-470 - Rio Itajaí do Oeste Rio do Sul;Nível do Rio;859;cm;Chuva;10.6;mm;Temperatura;19.4º;Graus;Umidade;100%;%;Pressão Atmosférica;1015.8;hPa;subindo rápido;Vento;0.0;km/h;Noroeste;Leitura realizada em 17/10/2023 às 12:05
Ponte Hannelore Hartmann Eyng - Rio Itajaí do Sul Rio do Sul;Nível do Rio;943;cm;Chuva;8.0;mm;Temperatura;19.3º;Graus;Umidade;82%;%;Pressão Atmosférica;1013.9;hPa;subindo rápido;Vento;0.0;km/h;Oeste;Leitura realizada em 17/10/2023 às 12:05
Ponte Dom Tito Buss     -     Rio Itajaí-Açu    Rio do Sul;Nivel do Rio;882;cm;Chuva;7.6;mm;Temperatura;21.3º;Graus;Umidade;89%;%;Pressão Atmosférica;1013.9;hPa;estável;Vento;0.0;km/h;Oeste;Leitura realizada em 17/10/2023 às 15:00
Ponte BR-470 - Rio Itajaí do Oeste Rio do Sul;Nível do Rio;853;cm;Chuva;11.4;mm;Temperatura;20.5º;Graus;Umidade;95%;%;Pressão Atmosférica;1015.7;hPa;estável;Vento;0.0;km/h;Oeste;Leitura realizada em 17/10/2023 às 15:00
Ponte Hannelore Hartmann Eyng - Rio Itajaí do Sul Rio do Sul;Nível do Rio;934;cm;Chuva;8.4;mm;Temperatura;20.3º;Graus;Umidade;83%;%;Pressão Atmosférica;1014.1;hPa;estável;Vento;0.0;km/h;Sul;Leitura realizada em 17/10/2023 às 15:00
Ponte Dom Tito Buss     -     Rio Itajaí-Açu    Rio do Sul;Nivel do Rio;881;cm;Chuva;7.8;mm;Temperatura;20.6º;Graus;Umidade;91%;%;Pressão Atmosférica;1014.3;hPa;subindo;Vento;0.0;km/h;Oeste;Leitura realizada em 17/10/2023 às 16:40
Ponte BR-470 - Rio Itajaí do Oeste Rio do Sul;Nível do Rio;849;cm;Chuva;12.0;mm;Temperatura;20.4º;Graus;Umidade;96%;%;Pressão Atmosférica;1016.3;hPa;estável;Vento;0.0;km/h;Noroeste;Leitura realizada em 17/10/2023 às 16:40
Ponte Hannelore Hartmann Eyng - Rio Itajaí do Sul Rio do Sul;Nível do Rio;927;cm;Chuva;8.8;mm;Temperatura;20.1º;Graus;Umidade;54%;%;Pressão Atmosférica;1014.7;hPa;subindo;Vento;0.0;km/h;Noroeste;Leitura realizada em 17/10/2023 às 16:40
Ponte Dom Tito Buss     -     Rio Itajaí-Açu    Rio do Sul;Nivel do Rio;809;cm;Chuva;0.0;mm;Temperatura;17.7º;Graus;Umidade;92%;%;Pressão Atmosférica;1018.6;hPa;subindo rápido;Vento;0.0;km/h;Leste;Leitura realizada em 18/10/2023 às 8:45
Ponte BR-470 - Rio Itajaí do Oeste Rio do Sul;Nível do Rio;795;cm;Chuva;0.0;mm;Temperatura;18.2º;Graus;Umidade;93%;%;Pressão Atmosférica;1020.2;hPa;subindo rápido;Vento;1.6;km/h;Nordeste;Leitura realizada em 18/10/2023 às 8:45
Ponte Hannelore Hartmann Eyng - Rio Itajaí do Sul Rio do Sul;Nível do Rio;874;cm;Chuva;0.2;mm;Temperatura;17.8º;Graus;Umidade;82%;%;Pressão Atmosférica;1018.4;hPa;subindo rápido;Vento;0.0;km/h;Sudeste;Leitura realizada em 18/10/2023 às 8:45
Ponte Dom Tito Buss     -     Rio Itajaí-Açu    Rio do Sul;Nivel do Rio;803;cm;Chuva;0.0;mm;Temperatura;17.3º;Graus;Umidade;92%;%;Pressão Atmosférica;1018.9;hPa;subindo rápido;Vento;0.0;km/h;Leste;Leitura realizada em 18/10/2023 às 9:45
Ponte BR-470 - Rio Itajaí do Oeste Rio do Sul;Nível do Rio;791;cm;Chuva;0.0;mm;Temperatura;17.8º;Graus;Umidade;92%;%;Pressão Atmosférica;1020.6;hPa;subindo rápido;Vento;8.0;km/h;Nordeste;Leitura realizada em 18/10/2023 às 9:45
Ponte Hannelore Hartmann Eyng - Rio Itajaí do Sul Rio do Sul;Nível do Rio;874;cm;Chuva;0.2;mm;Temperatura;18.1º;Graus;Umidade;89%;%;Pressão Atmosférica;1018.9;hPa;subindo;Vento;0.0;km/h;Leste;Leitura realizada em 18/10/2023 às 9:45
Ponte Dom Tito Buss     -     Rio Itajaí-Açu    Rio do Sul;Nivel do Rio;804;cm;Chuva;0.0;mm;Temperatura;17.2º;Graus;Umidade;91%;%;Pressão Atmosférica;1018.9;hPa;subindo;Vento;1.6;km/h;Sudeste;Leitura realizada em 18/10/2023 às 10:35
Ponte BR-470 - Rio Itajaí do Oeste Rio do Sul;Nível do Rio;788;cm;Chuva;0.0;mm;Temperatura;18º;Graus;Umidade;91%;%;Pressão Atmosférica;1020.4;hPa;subindo;Vento;0.0;km/h;Nordeste;Leitura realizada em 18/10/2023 às 10:35
Ponte Hannelore Hartmann Eyng - Rio Itajaí do Sul Rio do Sul;Nível do Rio;874;cm;Chuva;0.2;mm;Temperatura;18.4º;Graus;Umidade;88%;%;Pressão Atmosférica;1018.9;hPa;subindo;Vento;0.0;km/h;Leste;Leitura realizada em 18/10/2023 às 10:35
Ponte Dom Tito Buss     -     Rio Itajaí-Açu    Rio do Sul;Nivel do Rio;797;cm;Chuva;0.0;mm;Temperatura;18.4º;Graus;Umidade;88%;%;Pressão Atmosférica;1019.0;hPa;estável;Vento;0.0;km/h;Sul;Leitura realizada em 18/10/2023 às 11:25
Ponte BR-470 - Rio Itajaí do Oeste Rio do Sul;Nível do Rio;786;cm;Chuva;0.0;mm;Temperatura;18.9º;Graus;Umidade;89%;%;Pressão Atmosférica;1020.7;hPa;subindo;Vento;3.2;km/h;Sudeste;Leitura realizada em 18/10/2023 às 11:25
Ponte Hannelore Hartmann Eyng - Rio Itajaí do Sul Rio do Sul;Nível do Rio;874;cm;Chuva;0.2;mm;Temperatura;18.9º;Graus;Umidade;87%;%;Pressão Atmosférica;1018.8;hPa;estável;Vento;0.0;km/h;Nordeste;Leitura realizada em 18/10/2023 às 11:25
Ponte Dom Tito Buss     -     Rio Itajaí-Açu    Rio do Sul;Nivel do Rio;791;cm;Chuva;0.0;mm;Temperatura;19.1º;Graus;Umidade;82%;%;Pressão Atmosférica;1018.6;hPa;estável;Vento;4.8;km/h;Sudeste;Leitura realizada em 18/10/2023 às 12:20
Ponte BR-470 - Rio Itajaí do Oeste Rio do Sul;Nível do Rio;783;cm;Chuva;0.0;mm;Temperatura;19.6º;Graus;Umidade;84%;%;Pressão Atmosférica;1020.1;hPa;estável;Vento;6.4;km/h;Leste;Leitura realizada em 18/10/2023 às 12:20
Ponte Hannelore Hartmann Eyng - Rio Itajaí do Sul Rio do Sul;Nível do Rio;874;cm;Chuva;0.2;mm;Temperatura;20.1º;Graus;Umidade;80%;%;Pressão Atmosférica;1018.5;hPa;estável;Vento;0.0;km/h;Nordeste;Leitura realizada em 18/10/2023 às 12:20
Ponte Dom Tito Buss     -     Rio Itajaí-Açu    Rio do Sul;Nivel do Rio;793;cm;Chuva;0.0;mm;Temperatura;20.3º;Graus;Umidade;76%;%;Pressão Atmosférica;1017.8;hPa;caindo;Vento;0.0;km/h;Sudeste;Leitura realizada em 18/10/2023 às 13:10
Ponte BR-470 - Rio Itajaí do Oeste Rio do Sul;Nível do Rio;782;cm;Chuva;0.0;mm;Temperatura;20.5º;Graus;Umidade;79%;%;Pressão Atmosférica;1019.6;hPa;estável;Vento;11.3;km/h;Nordeste;Leitura realizada em 18/10/2023 às 13:10
Ponte Hannelore Hartmann Eyng - Rio Itajaí do Sul Rio do Sul;Nível do Rio;874;cm;Chuva;0.2;mm;Temperatura;21.1º;Graus;Umidade;75%;%;Pressão Atmosférica;1017.7;hPa;caindo;Vento;0.0;km/h;Leste;Leitura realizada em 18/10/2023 às 13:10
Ponte Dom Tito Buss     -     Rio Itajaí-Açu    Rio do Sul;Nivel do Rio;787;cm;Chuva;0.0;mm;Temperatura;20.8º;Graus;Umidade;74%;%;Pressão Atmosférica;1017.8;hPa;caindo;Vento;0.0;km/h;Leste;Leitura realizada em 18/10/2023 às 14:00
Ponte BR-470 - Rio Itajaí do Oeste Rio do Sul;Nível do Rio;779;cm;Chuva;0.0;mm;Temperatura;20.8º;Graus;Umidade;77%;%;Pressão Atmosférica;1019.4;hPa;caindo;Vento;0.0;km/h;Sudeste;Leitura realizada em 18/10/2023 às 14:00
Ponte Hannelore Hartmann Eyng - Rio Itajaí do Sul Rio do Sul;Nível do Rio;874;cm;Chuva;0.2;mm;Temperatura;21.3º;Graus;Umidade;75%;%;Pressão Atmosférica;1017.6;hPa;caindo;Vento;0.0;km/h;Oeste;Leitura realizada em 18/10/2023 às 14:00
Ponte Dom Tito Buss     -     Rio Itajaí-Açu    Rio do Sul;Nivel do Rio;787;cm;Chuva;0.0;mm;Temperatura;20.2º;Graus;Umidade;77%;%;Pressão Atmosférica;1018.0;hPa;caindo;Vento;0.0;km/h;Nordeste;Leitura realizada em 18/10/2023 às 14:50
Ponte BR-470 - Rio Itajaí do Oeste Rio do Sul;Nível do Rio;776;cm;Chuva;0.2;mm;Temperatura;19.5º;Graus;Umidade;89%;%;Pressão Atmosférica;1019.8;hPa;caindo;Vento;1.6;km/h;Sudoeste;Leitura realizada em 18/10/2023 às 14:50
Ponte Hannelore Hartmann Eyng - Rio Itajaí do Sul Rio do Sul;Nível do Rio;874;cm;Chuva;0.2;mm;Temperatura;19.2º;Graus;Umidade;87%;%;Pressão Atmosférica;1017.8;hPa;caindo;Vento;0.0;km/h;Sudoeste;Leitura realizada em 18/10/2023 às 14:50
Ponte Dom Tito Buss     -     Rio Itajaí-Açu    Rio do Sul;Nivel do Rio;787;cm;Chuva;0.0;mm;Temperatura;19º;Graus;Umidade;85%;%;Pressão Atmosférica;1016.8;hPa;caindo;Vento;0.0;km/h;Sudeste;Leitura realizada em 18/10/2023 às 15:40
Ponte BR-470 - Rio Itajaí do Oeste Rio do Sul;Nível do Rio;774;cm;Chuva;0.6;mm;Temperatura;18.6º;Graus;Umidade;93%;%;Pressão Atmosférica;1018.5;hPa;caindo;Vento;0.0;km/h;Leste;Leitura realizada em 18/10/2023 às 15:40
Ponte Hannelore Hartmann Eyng - Rio Itajaí do Sul Rio do Sul;Nível do Rio;874;cm;Chuva;0.6;mm;Temperatura;18.4º;Graus;Umidade;83%;%;Pressão Atmosférica;1016.7;hPa;caindo;Vento;0.0;km/h;Sudoeste;Leitura realizada em 18/10/2023 às 15:40
pppPonte Dom Tito Buss     -     Rio Itajaí-Açu    Rio do Sul;Nivel do Rio;782;cm;Chuva;0.4;mm;Temperatura;18.8º;Graus;Umidade;88%;%;Pressão Atmosférica;1017.2;hPa;caindo;Vento;0.0;km/h;Nordeste;Leitura realizada em 18/10/2023 às 16:30
Ponte BR-470 - Rio Itajaí do Oeste Rio do Sul;Nível do Rio;771;cm;Chuva;1.0;mm;Temperatura;18.1º;Graus;Umidade;94%;%;Pressão Atmosférica;1018.9;hPa;caindo;Vento;0.0;km/h;Oeste;Leitura realizada em 18/10/2023 às 16:30
Ponte Hannelore Hartmann Eyng - Rio Itajaí do Sul Rio do Sul;Nível do Rio;874;cm;Chuva;0.8;mm;Temperatura;18.4º;Graus;Umidade;84%;%;Pressão Atmosférica;1017.1;hPa;caindo;Vento;0.0;km/h;Oeste;Leitura realizada em 18/10/2023 às 16:30
Ponte Dom Tito Buss     -     Rio Itajaí-Açu    Rio do Sul;Nivel do Rio;778;cm;Chuva;0.4;mm;Temperatura;18.6º;Graus;Umidade;87%;%;Pressão Atmosférica;1017.2;hPa;estável;Vento;0.0;km/h;Sudeste;Leitura realizada em 18/10/2023 às 17:20
Ponte BR-470 - Rio Itajaí do Oeste Rio do Sul;Nível do Rio;770;cm;Chuva;1.0;mm;Temperatura;18.1º;Graus;Umidade;95%;%;Pressão Atmosférica;1018.9;hPa;caindo;Vento;0.0;km/h;Sul;Leitura realizada em 18/10/2023 às 17:20
Ponte Hannelore Hartmann Eyng - Rio Itajaí do Sul Rio do Sul;Nível do Rio;874;cm;Chuva;0.8;mm;Temperatura;17.9º;Graus;Umidade;76%;%;Pressão Atmosférica;1017.1;hPa;estável;Vento;0.0;km/h;Sul;Leitura realizada em 18/10/2023 às 17:20
Ponte Dom Tito Buss     -     Rio Itajaí-Açu    Rio do Sul;Nivel do Rio;776;cm;Chuva;0.4;mm;Temperatura;18.1º;Graus;Umidade;87%;%;Pressão Atmosférica;1017.4;hPa;caindo;Vento;0.0;km/h;Leste;Leitura realizada em 18/10/2023 às 18:15
Ponte BR-470 - Rio Itajaí do Oeste Rio do Sul;Nível do Rio;767;cm;Chuva;1.0;mm;Temperatura;17.7º;Graus;Umidade;93%;%;Pressão Atmosférica;1018.8;hPa;caindo;Vento;0.0;km/h;Leste;Leitura realizada em 18/10/2023 às 18:15
Ponte Hannelore Hartmann Eyng - Rio Itajaí do Sul Rio do Sul;Nível do Rio;874;cm;Chuva;0.8;mm;Temperatura;17.7º;Graus;Umidade;86%;%;Pressão Atmosférica;1017.1;hPa;caindo;Vento;0.0;km/h;Noroeste;Leitura realizada em 18/10/2023 às 18:15
Ponte Dom Tito Buss     -     Rio Itajaí-Açu    Rio do Sul;Nivel do Rio;773;cm;Chuva;1.0;mm;Temperatura;17.1º;Graus;Umidade;89%;%;Pressão Atmosférica;1017.7;hPa;subindo;Vento;0.0;km/h;Sudeste;Leitura realizada em 18/10/2023 às 19:05
Ponte BR-470 - Rio Itajaí do Oeste Rio do Sul;Nível do Rio;765;cm;Chuva;1.4;mm;Temperatura;17.3º;Graus;Umidade;93%;%;Pressão Atmosférica;1019.2;hPa;subindo;Vento;0.0;km/h;Nordeste;Leitura realizada em 18/10/2023 às 19:05
Ponte Hannelore Hartmann Eyng - Rio Itajaí do Sul Rio do Sul;Nível do Rio;874;cm;Chuva;1.4;mm;Temperatura;17.5º;Graus;Umidade;89%;%;Pressão Atmosférica;1017.5;hPa;subindo;Vento;0.0;km/h;Sudeste;Leitura realizada em 18/10/2023 às 19:05
Ponte Dom Tito Buss     -     Rio Itajaí-Açu    Rio do Sul;Nivel do Rio;748;cm;Chuva;0.0;mm;Temperatura;15.1º;Graus;Umidade;90%;%;Pressão Atmosférica;1020.3;hPa;subindo;Vento;0.0;km/h;Sudeste;Leitura realizada em 19/10/2023 às 6:25
Ponte BR-470 - Rio Itajaí do Oeste Rio do Sul;Nível do Rio;739;cm;Chuva;0.0;mm;Temperatura;15.3º;Graus;Umidade;93%;%;Pressão Atmosférica;1021.9;hPa;subindo;Vento;0.0;km/h;Sudeste;Leitura realizada em 19/10/2023 às 6:25
Ponte Hannelore Hartmann Eyng - Rio Itajaí do Sul Rio do Sul;Nível do Rio;808;cm;Chuva;0.0;mm;Temperatura;15.2º;Graus;Umidade;79%;%;Pressão Atmosférica;1020.0;hPa;subindo;Vento;0.0;km/h;Oeste;Leitura realizada em 19/10/2023 às 6:25
Ponte Dom Tito Buss     -     Rio Itajaí-Açu    Rio do Sul;Nivel do Rio;745;cm;Chuva;0.0;mm;Temperatura;15.4º;Graus;Umidade;91%;%;Pressão Atmosférica;1021.4;hPa;subindo rápido;Vento;0.0;km/h;Norte;Leitura realizada em 19/10/2023 às 7:15
Ponte BR-470 - Rio Itajaí do Oeste Rio do Sul;Nível do Rio;736;cm;Chuva;0.0;mm;Temperatura;15.7º;Graus;Umidade;94%;%;Pressão Atmosférica;1022.9;hPa;subindo rápido;Vento;0.0;km/h;Noroeste;Leitura realizada em 19/10/2023 às 7:15
Ponte Hannelore Hartmann Eyng - Rio Itajaí do Sul Rio do Sul;Nível do Rio;808;cm;Chuva;0.0;mm;Temperatura;15.5º;Graus;Umidade;83%;%;Pressão Atmosférica;1021.0;hPa;subindo rápido;Vento;0.0;km/h;Sudoeste;Leitura realizada em 19/10/2023 às 7:15
Ponte Dom Tito Buss     -     Rio Itajaí-Açu    Rio do Sul;Nivel do Rio;743;cm;Chuva;0.0;mm;Temperatura;15.9º;Graus;Umidade;89%;%;Pressão Atmosférica;1021.2;hPa;subindo rápido;Vento;0.0;km/h;Leste;Leitura realizada em 19/10/2023 às 8:05
Ponte BR-470 - Rio Itajaí do Oeste Rio do Sul;Nível do Rio;735;cm;Chuva;0.0;mm;Temperatura;16º;Graus;Umidade;92%;%;Pressão Atmosférica;1022.5;hPa;subindo rápido;Vento;0.0;km/h;Leste;Leitura realizada em 19/10/2023 às 8:05
Ponte Hannelore Hartmann Eyng - Rio Itajaí do Sul Rio do Sul;Nível do Rio;808;cm;Chuva;0.0;mm;Temperatura;16.1º;Graus;Umidade;89%;%;Pressão Atmosférica;1020.8;hPa;subindo rápido;Vento;0.0;km/h;Sudoeste;Leitura realizada em 19/10/2023 às 8:05
Ponte Dom Tito Buss     -     Rio Itajaí-Açu    Rio do Sul;Nivel do Rio;738;cm;Chuva;0.0;mm;Temperatura;16.2º;Graus;Umidade;87%;%;Pressão Atmosférica;1021.5;hPa;subindo rápido;Vento;0.0;km/h;Leste;Leitura realizada em 19/10/2023 às 8:55
Ponte BR-470 - Rio Itajaí do Oeste Rio do Sul;Nível do Rio;733;cm;Chuva;0.0;mm;Temperatura;16.5º;Graus;Umidade;91%;%;Pressão Atmosférica;1023.0;hPa;subindo;Vento;0.0;km/h;Oeste;Leitura realizada em 19/10/2023 às 8:55
Ponte Hannelore Hartmann Eyng - Rio Itajaí do Sul Rio do Sul;Nível do Rio;808;cm;Chuva;0.0;mm;Temperatura;16.4º;Graus;Umidade;89%;%;Pressão Atmosférica;1021.1;hPa;subindo;Vento;0.0;km/h;Nordeste;Leitura realizada em 19/10/2023 às 8:55
Ponte Dom Tito Buss     -     Rio Itajaí-Açu    Rio do Sul;Nivel do Rio;735;cm;Chuva;0.0;mm;Temperatura;16.5º;Graus;Umidade;86%;%;Pressão Atmosférica;1021.6;hPa;subindo;Vento;0.0;km/h;Leste;Leitura realizada em 19/10/2023 às 9:45
Ponte BR-470 - Rio Itajaí do Oeste Rio do Sul;Nível do Rio;731;cm;Chuva;0.0;mm;Temperatura;16.8º;Graus;Umidade;86%;%;Pressão Atmosférica;1022.9;hPa;subindo;Vento;0.0;km/h;Nordeste;Leitura realizada em 19/10/2023 às 9:45
Ponte Hannelore Hartmann Eyng - Rio Itajaí do Sul Rio do Sul;Nível do Rio;808;cm;Chuva;0.0;mm;Temperatura;16.9º;Graus;Umidade;86%;%;Pressão Atmosférica;1021.3;hPa;subindo;Vento;0.0;km/h;Nordeste;Leitura realizada em 19/10/2023 às 9:45
Ponte Dom Tito Buss     -     Rio Itajaí-Açu    Rio do Sul;Nivel do Rio;648;cm;Chuva;0.0;mm;Temperatura;19.6º;Graus;Umidade;80%;%;Pressão Atmosférica;1017.7;hPa;caindo;Vento;0.0;km/h;Leste;Leitura realizada em 20/10/2023 às 14:30
Ponte BR-470 - Rio Itajaí do Oeste Rio do Sul;Nível do Rio;647;cm;Chuva;0.0;mm;Temperatura;20.3º;Graus;Umidade;80%;%;Pressão Atmosférica;1019.1;hPa;caindo;Vento;6.4;km/h;Leste;Leitura realizada em 20/10/2023 às 14:30
Ponte Hannelore Hartmann Eyng - Rio Itajaí do Sul Rio do Sul;Nível do Rio;683;cm;Chuva;0.0;mm;Temperatura;20.4º;Graus;Umidade;77%;%;Pressão Atmosférica;1017.4;hPa;caindo;Vento;0.0;km/h;Nordeste;Leitura realizada em 20/10/2023 às 14:30
Ponte Dom Tito Buss     -     Rio Itajaí-Açu    Rio do Sul;Nivel do Rio;648;cm;Chuva;0.0;mm;Temperatura;19.2º;Graus;Umidade;82%;%;Pressão Atmosférica;1017.5;hPa;caindo;Vento;0.0;km/h;Leste;Leitura realizada em 20/10/2023 às 15:20
Ponte BR-470 - Rio Itajaí do Oeste Rio do Sul;Nível do Rio;644;cm;Chuva;0.0;mm;Temperatura;19.7º;Graus;Umidade;82%;%;Pressão Atmosférica;1019.1;hPa;caindo;Vento;11.3;km/h;Leste;Leitura realizada em 20/10/2023 às 15:20
Ponte Hannelore Hartmann Eyng - Rio Itajaí do Sul Rio do Sul;Nível do Rio;681;cm;Chuva;0.0;mm;Temperatura;20º;Graus;Umidade;79%;%;Pressão Atmosférica;1017.1;hPa;caindo;Vento;0.0;km/h;Leste;Leitura realizada em 20/10/2023 às 15:20
Ponte Dom Tito Buss     -     Rio Itajaí-Açu    Rio do Sul;Nivel do Rio;643;cm;Chuva;0.0;mm;Temperatura;18.9º;Graus;Umidade;83%;%;Pressão Atmosférica;1017.4;hPa;caindo;Vento;0.0;km/h;Leste;Leitura realizada em 20/10/2023 às 16:20
Ponte BR-470 - Rio Itajaí do Oeste Rio do Sul;Nível do Rio;640;cm;Chuva;0.0;mm;Temperatura;19.4º;Graus;Umidade;83%;%;Pressão Atmosférica;1018.9;hPa;caindo;Vento;8.0;km/h;Sudeste;Leitura realizada em 20/10/2023 às 16:20
Ponte Hannelore Hartmann Eyng - Rio Itajaí do Sul Rio do Sul;Nível do Rio;678;cm;Chuva;0.0;mm;Temperatura;19.6º;Graus;Umidade;81%;%;Pressão Atmosférica;1017.0;hPa;caindo;Vento;0.0;km/h;Nordeste;Leitura realizada em 20/10/2023 às 16:20
Ponte Dom Tito Buss     -     Rio Itajaí-Açu    Rio do Sul;Nivel do Rio;645;cm;Chuva;0.0;mm;Temperatura;18.6º;Graus;Umidade;85%;%;Pressão Atmosférica;1017.8;hPa;estável;Vento;0.0;km/h;Leste;Leitura realizada em 20/10/2023 às 17:10
Ponte BR-470 - Rio Itajaí do Oeste Rio do Sul;Nível do Rio;636;cm;Chuva;0.0;mm;Temperatura;19.2º;Graus;Umidade;85%;%;Pressão Atmosférica;1019.2;hPa;estável;Vento;3.2;km/h;Leste;Leitura realizada em 20/10/2023 às 17:10
Ponte Hannelore Hartmann Eyng - Rio Itajaí do Sul Rio do Sul;Nível do Rio;678;cm;Chuva;0.0;mm;Temperatura;19.2º;Graus;Umidade;84%;%;Pressão Atmosférica;1017.4;hPa;estável;Vento;0.0;km/h;Sudeste;Leitura realizada em 20/10/2023 às 17:10
Ponte Dom Tito Buss     -     Rio Itajaí-Açu    Rio do Sul;Nivel do Rio;587;cm;Chuva;0.0;mm;Temperatura;20.6º;Graus;Umidade;79%;%;Pressão Atmosférica;1017.8;hPa;caindo;Vento;0.0;km/h;Leste;Leitura realizada em 21/10/2023 às 15:00
Ponte BR-470 - Rio Itajaí do Oeste Rio do Sul;Nível do Rio;562;cm;Chuva;0.0;mm;Temperatura;21.2º;Graus;Umidade;79%;%;Pressão Atmosférica;1019.3;hPa;caindo;Vento;0.0;km/h;Leste;Leitura realizada em 21/10/2023 às 15:00
Ponte Hannelore Hartmann Eyng - Rio Itajaí do Sul Rio do Sul;Nível do Rio;634;cm;Chuva;0.0;mm;Temperatura;20.8º;Graus;Umidade;77%;%;Pressão Atmosférica;1017.5;hPa;caindo;Vento;0.0;km/h;Sudeste;Leitura realizada em 21/10/2023 às 15:00
Ponte Dom Tito Buss     -     Rio Itajaí-Açu    Rio do Sul;Nivel do Rio;585;cm;Chuva;0.0;mm;Temperatura;20.7º;Graus;Umidade;78%;%;Pressão Atmosférica;1017.9;hPa;caindo;Vento;0.0;km/h;Leste;Leitura realizada em 21/10/2023 às 15:50
Ponte BR-470 - Rio Itajaí do Oeste Rio do Sul;Nível do Rio;559;cm;Chuva;0.0;mm;Temperatura;21.3º;Graus;Umidade;79%;%;Pressão Atmosférica;1019.4;hPa;caindo;Vento;0.0;km/h;Leste;Leitura realizada em 21/10/2023 às 15:50
Ponte Hannelore Hartmann Eyng - Rio Itajaí do Sul Rio do Sul;Nível do Rio;632;cm;Chuva;0.0;mm;Temperatura;21.3º;Graus;Umidade;77%;%;Pressão Atmosférica;1017.6;hPa;caindo;Vento;0.0;km/h;Norte;Leitura realizada em 21/10/2023 às 15:50
Ponte Dom Tito Buss     -     Rio Itajaí-Açu    Rio do Sul;Nivel do Rio;583;cm;Chuva;0.0;mm;Temperatura;20.3º;Graus;Umidade;80%;%;Pressão Atmosférica;1018.1;hPa;caindo;Vento;0.0;km/h;Sudeste;Leitura realizada em 21/10/2023 às 16:40
Ponte BR-470 - Rio Itajaí do Oeste Rio do Sul;Nível do Rio;556;cm;Chuva;0.0;mm;Temperatura;20.9º;Graus;Umidade;81%;%;Pressão Atmosférica;1019.6;hPa;estável;Vento;0.0;km/h;Nordeste;Leitura realizada em 21/10/2023 às 16:40
Ponte Hannelore Hartmann Eyng - Rio Itajaí do Sul Rio do Sul;Nível do Rio;629;cm;Chuva;0.0;mm;Temperatura;20.8º;Graus;Umidade;79%;%;Pressão Atmosférica;1017.7;hPa;estável;Vento;0.0;km/h;Leste;Leitura realizada em 21/10/2023 às 16:40
Ponte Dom Tito Buss     -     Rio Itajaí-Açu    Rio do Sul;Nivel do Rio;582;cm;Chuva;0.0;mm;Temperatura;19.8º;Graus;Umidade;84%;%;Pressão Atmosférica;1018.4;hPa;estável;Vento;0.0;km/h;Sudeste;Leitura realizada em 21/10/2023 às 17:30
Ponte BR-470 - Rio Itajaí do Oeste Rio do Sul;Nível do Rio;553;cm;Chuva;0.0;mm;Temperatura;20.3º;Graus;Umidade;84%;%;Pressão Atmosférica;1020.0;hPa;estável;Vento;0.0;km/h;Noroeste;Leitura realizada em 21/10/2023 às 17:30
Ponte Hannelore Hartmann Eyng - Rio Itajaí do Sul Rio do Sul;Nível do Rio;628;cm;Chuva;0.0;mm;Temperatura;20.2º;Graus;Umidade;82%;%;Pressão Atmosférica;1018.0;hPa;estável;Vento;0.0;km/h;Sudeste;Leitura realizada em 21/10/2023 às 17:30
Ponte Dom Tito Buss     -     Rio Itajaí-Açu    Rio do Sul;Nivel do Rio;562;cm;Chuva;0.2;mm;Temperatura;20.1º;Graus;Umidade;86%;%;Pressão Atmosférica;1014.8;hPa;subindo;Vento;1.6;km/h;Leste;Leitura realizada em 22/10/2023 às 19:20
Ponte BR-470 - Rio Itajaí do Oeste Rio do Sul;Nível do Rio;513;cm;Chuva;1.8;mm;Temperatura;20.4º;Graus;Umidade;87%;%;Pressão Atmosférica;1016.1;hPa;subindo;Vento;6.4;km/h;Leste;Leitura realizada em 22/10/2023 às 19:20
Ponte Hannelore Hartmann Eyng - Rio Itajaí do Sul Rio do Sul;Nível do Rio;631;cm;Chuva;0.6;mm;Temperatura;20.6º;Graus;Umidade;84%;%;Pressão Atmosférica;1014.3;hPa;subindo;Vento;0.0;km/h;Oeste;Leitura realizada em 22/10/2023 às 19:20
Ponte Dom Tito Buss     -     Rio Itajaí-Açu    Rio do Sul;Nivel do Rio;567;cm;Chuva;0.2;mm;Temperatura;19.4º;Graus;Umidade;88%;%;Pressão Atmosférica;1015.3;hPa;subindo;Vento;0.0;km/h;Leste;Leitura realizada em 22/10/2023 às 20:10
Ponte BR-470 - Rio Itajaí do Oeste Rio do Sul;Nível do Rio;513;cm;Chuva;1.8;mm;Temperatura;19.8º;Graus;Umidade;89%;%;Pressão Atmosférica;1016.7;hPa;subindo;Vento;4.8;km/h;Nordeste;Leitura realizada em 22/10/2023 às 20:10
Ponte Hannelore Hartmann Eyng - Rio Itajaí do Sul Rio do Sul;Nível do Rio;631;cm;Chuva;0.6;mm;Temperatura;19.9º;Graus;Umidade;87%;%;Pressão Atmosférica;1014.9;hPa;subindo;Vento;0.0;km/h;Noroeste;Leitura realizada em 22/10/2023 às 20:10
Ponte Dom Tito Buss     -     Rio Itajaí-Açu    Rio do Sul;Nivel do Rio;564;cm;Chuva;0.2;mm;Temperatura;19.2º;Graus;Umidade;89%;%;Pressão Atmosférica;1016.2;hPa;subindo rápido;Vento;1.6;km/h;Leste;Leitura realizada em 22/10/2023 às 21:00
Ponte BR-470 - Rio Itajaí do Oeste Rio do Sul;Nível do Rio;512;cm;Chuva;1.8;mm;Temperatura;19.4º;Graus;Umidade;91%;%;Pressão Atmosférica;1017.3;hPa;subindo rápido;Vento;9.7;km/h;Leste;Leitura realizada em 22/10/2023 às 21:00
Ponte Hannelore Hartmann Eyng - Rio Itajaí do Sul Rio do Sul;Nível do Rio;630;cm;Chuva;0.6;mm;Temperatura;19.4º;Graus;Umidade;88%;%;Pressão Atmosférica;1015.7;hPa;subindo rápido;Vento;0.0;km/h;Norte;Leitura realizada em 22/10/2023 às 21:00
Ponte Dom Tito Buss     -     Rio Itajaí-Açu    Rio do Sul;Nivel do Rio;553;cm;Chuva;0.0;mm;Temperatura;20.1º;Graus;Umidade;87%;%;Pressão Atmosférica;1014.4;hPa;subindo;Vento;0.0;km/h;Noroeste;Leitura realizada em 23/10/2023 às 8:10
Ponte BR-470 - Rio Itajaí do Oeste Rio do Sul;Nível do Rio;506;cm;Chuva;0.0;mm;Temperatura;19.6º;Graus;Umidade;91%;%;Pressão Atmosférica;1016.2;hPa;subindo;Vento;0.0;km/h;Leste;Leitura realizada em 23/10/2023 às 8:10
Ponte Hannelore Hartmann Eyng - Rio Itajaí do Sul Rio do Sul;Nível do Rio;621;cm;Chuva;0.0;mm;Temperatura;19.9º;Graus;Umidade;88%;%;Pressão Atmosférica;1014.1;hPa;subindo;Vento;0.0;km/h;Norte;Leitura realizada em 23/10/2023 às 8:10
Ponte Dom Tito Buss     -     Rio Itajaí-Açu    Rio do Sul;Nivel do Rio;552;cm;Chuva;0.0;mm;Temperatura;20.9º;Graus;Umidade;83%;%;Pressão Atmosférica;1014.4;hPa;subindo;Vento;0.0;km/h;Oeste;Leitura realizada em 23/10/2023 às 9:00
Ponte BR-470 - Rio Itajaí do Oeste Rio do Sul;Nível do Rio;505;cm;Chuva;0.0;mm;Temperatura;20.2º;Graus;Umidade;88%;%;Pressão Atmosférica;1015.9;hPa;subindo;Vento;0.0;km/h;Oeste;Leitura realizada em 23/10/2023 às 9:00
Ponte Hannelore Hartmann Eyng - Rio Itajaí do Sul Rio do Sul;Nível do Rio;619;cm;Chuva;0.0;mm;Temperatura;21.1º;Graus;Umidade;83%;%;Pressão Atmosférica;1014.1;hPa;subindo;Vento;0.0;km/h;Noroeste;Leitura realizada em 23/10/2023 às 9:00
Ponte Dom Tito Buss     -     Rio Itajaí-Açu    Rio do Sul;Nivel do Rio;551;cm;Chuva;0.0;mm;Temperatura;21.2º;Graus;Umidade;81%;%;Pressão Atmosférica;1014.8;hPa;subindo;Vento;0.0;km/h;Noroeste;Leitura realizada em 23/10/2023 às 9:50
Ponte BR-470 - Rio Itajaí do Oeste Rio do Sul;Nível do Rio;505;cm;Chuva;0.0;mm;Temperatura;21.4º;Graus;Umidade;84%;%;Pressão Atmosférica;1016.4;hPa;estável;Vento;0.0;km/h;Norte;Leitura realizada em 23/10/2023 às 9:50
Ponte Hannelore Hartmann Eyng - Rio Itajaí do Sul Rio do Sul;Nível do Rio;619;cm;Chuva;0.0;mm;Temperatura;21.6º;Graus;Umidade;80%;%;Pressão Atmosférica;1014.5;hPa;subindo;Vento;0.0;km/h;Noroeste;Leitura realizada em 23/10/2023 às 9:50
Ponte Dom Tito Buss     -     Rio Itajaí-Açu    Rio do Sul;Nivel do Rio;553;cm;Chuva;0.0;mm;Temperatura;21.5º;Graus;Umidade;80%;%;Pressão Atmosférica;1014.6;hPa;estável;Vento;0.0;km/h;Noroeste;Leitura realizada em 23/10/2023 às 10:40
Ponte BR-470 - Rio Itajaí do Oeste Rio do Sul;Nível do Rio;505;cm;Chuva;0.0;mm;Temperatura;22.6º;Graus;Umidade;82%;%;Pressão Atmosférica;1015.9;hPa;estável;Vento;0.0;km/h;Noroeste;Leitura realizada em 23/10/2023 às 10:40
Ponte Hannelore Hartmann Eyng - Rio Itajaí do Sul Rio do Sul;Nível do Rio;618;cm;Chuva;0.0;mm;Temperatura;22.1º;Graus;Umidade;80%;%;Pressão Atmosférica;1014.3;hPa;subindo;Vento;0.0;km/h;Sudoeste;Leitura realizada em 23/10/2023 às 10:40
Ponte Dom Tito Buss     -     Rio Itajaí-Açu    Rio do Sul;Nivel do Rio;549;cm;Chuva;0.0;mm;Temperatura;22.7º;Graus;Umidade;76%;%;Pressão Atmosférica;1014.0;hPa;estável;Vento;0.0;km/h;Noroeste;Leitura realizada em 23/10/2023 às 11:35
Ponte BR-470 - Rio Itajaí do Oeste Rio do Sul;Nível do Rio;504;cm;Chuva;0.0;mm;Temperatura;23.5º;Graus;Umidade;78%;%;Pressão Atmosférica;1015.1;hPa;estável;Vento;0.0;km/h;Nordeste;Leitura realizada em 23/10/2023 às 11:35
Ponte Hannelore Hartmann Eyng - Rio Itajaí do Sul Rio do Sul;Nível do Rio;614;cm;Chuva;0.0;mm;Temperatura;23.8º;Graus;Umidade;74%;%;Pressão Atmosférica;1013.7;hPa;estável;Vento;0.0;km/h;Oeste;Leitura realizada em 23/10/2023 às 11:35
Ponte Dom Tito Buss     -     Rio Itajaí-Açu    Rio do Sul;Nivel do Rio;544;cm;Chuva;0.0;mm;Temperatura;25.2º;Graus;Umidade;70%;%;Pressão Atmosférica;1011.0;hPa;caindo rápido;Vento;0.0;km/h;Sul;Leitura realizada em 23/10/2023 às 13:45
Ponte BR-470 - Rio Itajaí do Oeste Rio do Sul;Nível do Rio;504;cm;Chuva;0.0;mm;Temperatura;26.9º;Graus;Umidade;70%;%;Pressão Atmosférica;1012.2;hPa;caindo rápido;Vento;0.0;km/h;Sudeste;Leitura realizada em 23/10/2023 às 13:45
Ponte Hannelore Hartmann Eyng - Rio Itajaí do Sul Rio do Sul;Nível do Rio;615;cm;Chuva;0.0;mm;Temperatura;26.2º;Graus;Umidade;67%;%;Pressão Atmosférica;1010.6;hPa;caindo rápido;Vento;0.0;km/h;Norte;Leitura realizada em 23/10/2023 às 13:45
Ponte Dom Tito Buss     -     Rio Itajaí-Açu    Rio do Sul;Nivel do Rio;542;cm;Chuva;0.0;mm;Temperatura;22º;Graus;Umidade;85%;%;Pressão Atmosférica;1007.8;hPa;caindo;Vento;0.0;km/h;Noroeste;Leitura realizada em 24/10/2023 às 10:30
Ponte BR-470 - Rio Itajaí do Oeste Rio do Sul;Nível do Rio;498;cm;Chuva;0.0;mm;Temperatura;22.7º;Graus;Umidade;86%;%;Pressão Atmosférica;1009.2;hPa;caindo;Vento;0.0;km/h;Noroeste;Leitura realizada em 24/10/2023 às 10:30
Ponte Hannelore Hartmann Eyng - Rio Itajaí do Sul Rio do Sul;Nível do Rio;605;cm;Chuva;0.0;mm;Temperatura;22.7º;Graus;Umidade;84%;%;Pressão Atmosférica;1007.6;hPa;caindo;Vento;0.0;km/h;Noroeste;Leitura realizada em 24/10/2023 às 10:30
Ponte Dom Tito Buss     -     Rio Itajaí-Açu    Rio do Sul;Nivel do Rio;541;cm;Chuva;0.0;mm;Temperatura;23.1º;Graus;Umidade;83%;%;Pressão Atmosférica;1007.4;hPa;caindo;Vento;0.0;km/h;Oeste;Leitura realizada em 24/10/2023 às 11:20
Ponte BR-470 - Rio Itajaí do Oeste Rio do Sul;Nível do Rio;498;cm;Chuva;0.0;mm;Temperatura;23.7º;Graus;Umidade;84%;%;Pressão Atmosférica;1008.5;hPa;caindo;Vento;0.0;km/h;Noroeste;Leitura realizada em 24/10/2023 às 11:20
Ponte Hannelore Hartmann Eyng - Rio Itajaí do Sul Rio do Sul;Nível do Rio;604;cm;Chuva;0.0;mm;Temperatura;23.7º;Graus;Umidade;81%;%;Pressão Atmosférica;1007.0;hPa;caindo;Vento;0.0;km/h;Noroeste;Leitura realizada em 24/10/2023 às 11:20
Ponte Dom Tito Buss     -     Rio Itajaí-Açu    Rio do Sul;Nivel do Rio;539;cm;Chuva;0.0;mm;Temperatura;25.1º;Graus;Umidade;79%;%;Pressão Atmosférica;1006.4;hPa;caindo;Vento;0.0;km/h;Oeste;Leitura realizada em 24/10/2023 às 13:05
Ponte BR-470 - Rio Itajaí do Oeste Rio do Sul;Nível do Rio;498;cm;Chuva;0.0;mm;Temperatura;25.2º;Graus;Umidade;83%;%;Pressão Atmosférica;1007.8;hPa;caindo;Vento;1.6;km/h;Sudoeste;Leitura realizada em 24/10/2023 às 13:05
Ponte Hannelore Hartmann Eyng - Rio Itajaí do Sul Rio do Sul;Nível do Rio;603;cm;Chuva;0.0;mm;Temperatura;25.6º;Graus;Umidade;77%;%;Pressão Atmosférica;1005.8;hPa;caindo;Vento;0.0;km/h;Sudoeste;Leitura realizada em 24/10/2023 às 13:05
Ponte Dom Tito Buss     -     Rio Itajaí-Açu    Rio do Sul;Nivel do Rio;541;cm;Chuva;0.0;mm;Temperatura;24.8º;Graus;Umidade;82%;%;Pressão Atmosférica;1006.1;hPa;caindo;Vento;0.0;km/h;Sudoeste;Leitura realizada em 24/10/2023 às 13:55
Ponte BR-470 - Rio Itajaí do Oeste Rio do Sul;Nível do Rio;500;cm;Chuva;0.0;mm;Temperatura;25.3º;Graus;Umidade;83%;%;Pressão Atmosférica;1007.3;hPa;caindo;Vento;0.0;km/h;Noroeste;Leitura realizada em 24/10/2023 às 13:55
Ponte Hannelore Hartmann Eyng - Rio Itajaí do Sul Rio do Sul;Nível do Rio;604;cm;Chuva;0.0;mm;Temperatura;25.2º;Graus;Umidade;81%;%;Pressão Atmosférica;1005.6;hPa;caindo;Vento;0.0;km/h;Noroeste;Leitura realizada em 24/10/2023 às 13:55
Ponte Dom Tito Buss     -     Rio Itajaí-Açu    Rio do Sul;Nivel do Rio;541;cm;Chuva;0.0;mm;Temperatura;25.5º;Graus;Umidade;80%;%;Pressão Atmosférica;1005.9;hPa;caindo;Vento;0.0;km/h;Sudoeste;Leitura realizada em 24/10/2023 às 14:45
Ponte BR-470 - Rio Itajaí do Oeste Rio do Sul;Nível do Rio;499;cm;Chuva;0.0;mm;Temperatura;25.8º;Graus;Umidade;83%;%;Pressão Atmosférica;1007.0;hPa;caindo;Vento;0.0;km/h;Oeste;Leitura realizada em 24/10/2023 às 14:45
Ponte Hannelore Hartmann Eyng - Rio Itajaí do Sul Rio do Sul;Nível do Rio;604;cm;Chuva;0.0;mm;Temperatura;25.8º;Graus;Umidade;80%;%;Pressão Atmosférica;1005.4;hPa;caindo;Vento;0.0;km/h;Leste;Leitura realizada em 24/10/2023 às 14:45
Ponte Dom Tito Buss     -     Rio Itajaí-Açu    Rio do Sul;Nivel do Rio;527;cm;Chuva;0.0;mm;Temperatura;22.9º;Graus;Umidade;86%;%;Pressão Atmosférica;1009.5;hPa;subindo rápido;Vento;0.0;km/h;Sudeste;Leitura realizada em 25/10/2023 às 9:00
Ponte BR-470 - Rio Itajaí do Oeste Rio do Sul;Nível do Rio;489;cm;Chuva;0.0;mm;Temperatura;23.4º;Graus;Umidade;87%;%;Pressão Atmosférica;1010.9;hPa;subindo;Vento;0.0;km/h;Sul;Leitura realizada em 25/10/2023 às 9:00
Ponte Hannelore Hartmann Eyng - Rio Itajaí do Sul Rio do Sul;Nível do Rio;587;cm;Chuva;0.0;mm;Temperatura;23.3º;Graus;Umidade;86%;%;Pressão Atmosférica;1009.3;hPa;subindo;Vento;0.0;km/h;Noroeste;Leitura realizada em 25/10/2023 às 9:00
Ponte Dom Tito Buss     -     Rio Itajaí-Açu    Rio do Sul;Nivel do Rio;530;cm;Chuva;0.0;mm;Temperatura;25.1º;Graus;Umidade;71%;%;Pressão Atmosférica;1009.2;hPa;estável;Vento;0.0;km/h;Sudoeste;Leitura realizada em 25/10/2023 às 9:50
Ponte BR-470 - Rio Itajaí do Oeste Rio do Sul;Nível do Rio;489;cm;Chuva;0.0;mm;Temperatura;25.1º;Graus;Umidade;75%;%;Pressão Atmosférica;1010.3;hPa;estável;Vento;0.0;km/h;Sul;Leitura realizada em 25/10/2023 às 9:50
Ponte Hannelore Hartmann Eyng - Rio Itajaí do Sul Rio do Sul;Nível do Rio;585;cm;Chuva;0.0;mm;Temperatura;25.2º;Graus;Umidade;75%;%;Pressão Atmosférica;1008.7;hPa;estável;Vento;0.0;km/h;Norte;Leitura realizada em 25/10/2023 às 9:50
Ponte Dom Tito Buss     -     Rio Itajaí-Açu    Rio do Sul;Nivel do Rio;533;cm;Chuva;0.0;mm;Temperatura;26.1º;Graus;Umidade;67%;%;Pressão Atmosférica;1008.1;hPa;estável;Vento;0.0;km/h;Leste;Leitura realizada em 25/10/2023 às 10:40
Ponte BR-470 - Rio Itajaí do Oeste Rio do Sul;Nível do Rio;489;cm;Chuva;0.0;mm;Temperatura;27.3º;Graus;Umidade;68%;%;Pressão Atmosférica;1008.9;hPa;caindo;Vento;0.0;km/h;Oeste;Leitura realizada em 25/10/2023 às 10:40
Ponte Hannelore Hartmann Eyng - Rio Itajaí do Sul Rio do Sul;Nível do Rio;585;cm;Chuva;0.0;mm;Temperatura;26.4º;Graus;Umidade;65%;%;Pressão Atmosférica;1007.6;hPa;caindo;Vento;0.0;km/h;Sul;Leitura realizada em 25/10/2023 às 10:40
Ponte Dom Tito Buss     -     Rio Itajaí-Açu    Rio do Sul;Nivel do Rio;533;cm;Chuva;0.0;mm;Temperatura;25.8º;Graus;Umidade;74%;%;Pressão Atmosférica;1005.0;hPa;caindo rápido;Vento;11.3;km/h;Leste;Leitura realizada em 25/10/2023 às 14:05
Ponte BR-470 - Rio Itajaí do Oeste Rio do Sul;Nível do Rio;489;cm;Chuva;0.0;mm;Temperatura;29.4º;Graus;Umidade;66%;%;Pressão Atmosférica;1005.7;hPa;caindo rápido;Vento;12.9;km/h;Leste;Leitura realizada em 25/10/2023 às 14:05
Ponte Hannelore Hartmann Eyng - Rio Itajaí do Sul Rio do Sul;Nível do Rio;583;cm;Chuva;0.0;mm;Temperatura;28.4º;Graus;Umidade;64%;%;Pressão Atmosférica;1004.7;hPa;caindo rápido;Vento;0.0;km/h;Leste;Leitura realizada em 25/10/2023 às 14:05
Ponte Dom Tito Buss     -     Rio Itajaí-Açu    Rio do Sul;Nivel do Rio;518;cm;Chuva;0.0;mm;Temperatura;24.7º;Graus;Umidade;76%;%;Pressão Atmosférica;1004.4;hPa;caindo rápido;Vento;1.6;km/h;Sudeste;Leitura realizada em 25/10/2023 às 14:55
Ponte BR-470 - Rio Itajaí do Oeste Rio do Sul;Nível do Rio;488;cm;Chuva;0.0;mm;Temperatura;26.9º;Graus;Umidade;71%;%;Pressão Atmosférica;1005.0;hPa;caindo rápido;Vento;19.3;km/h;Nordeste;Leitura realizada em 25/10/2023 às 14:55
Ponte Hannelore Hartmann Eyng - Rio Itajaí do Sul Rio do Sul;Nível do Rio;582;cm;Chuva;0.0;mm;Temperatura;27.1º;Graus;Umidade;69%;%;Pressão Atmosférica;1004.0;hPa;caindo rápido;Vento;1.6;km/h;Sudeste;Leitura realizada em 25/10/2023 às 14:55
Ponte Dom Tito Buss     -     Rio Itajaí-Açu    Rio do Sul;Nivel do Rio;559;cm;Chuva;71.4;mm;Temperatura;18.6º;Graus;Umidade;97%;%;Pressão Atmosférica;1005.3;hPa;caindo rápido;Vento;0.0;km/h;Leste;Leitura realizada em 28/10/2023 às 15:40
Ponte BR-470 - Rio Itajaí do Oeste Rio do Sul;Nível do Rio;476;cm;Chuva;91.8;mm;Temperatura;18.8º;Graus;Umidade;100%;%;Pressão Atmosférica;1006.7;hPa;caindo;Vento;0.0;km/h;Nordeste;Leitura realizada em 28/10/2023 às 15:40
Ponte Hannelore Hartmann Eyng - Rio Itajaí do Sul Rio do Sul;Nível do Rio;655;cm;Chuva;76.4;mm;Temperatura;18.7º;Graus;Umidade;85%;%;Pressão Atmosférica;1005.2;hPa;caindo rápido;Vento;0.0;km/h;Noroeste;Leitura realizada em 28/10/2023 às 15:40
Ponte Dom Tito Buss     -     Rio Itajaí-Açu    Rio do Sul;Nivel do Rio;583;cm;Chuva;71.6;mm;Temperatura;18.6º;Graus;Umidade;97%;%;Pressão Atmosférica;1004.6;hPa;caindo rápido;Vento;0.0;km/h;Leste;Leitura realizada em 28/10/2023 às 16:40
Ponte BR-470 - Rio Itajaí do Oeste Rio do Sul;Nível do Rio;497;cm;Chuva;92.2;mm;Temperatura;18.9º;Graus;Umidade;100%;%;Pressão Atmosférica;1006.3;hPa;caindo rápido;Vento;0.0;km/h;Leste;Leitura realizada em 28/10/2023 às 16:40
Ponte Hannelore Hartmann Eyng - Rio Itajaí do Sul Rio do Sul;Nível do Rio;682;cm;Chuva;76.8;mm;Temperatura;18.4º;Graus;Umidade;85%;%;Pressão Atmosférica;1004.5;hPa;caindo rápido;Vento;0.0;km/h;Norte;Leitura realizada em 28/10/2023 às 16:40
Ponte Dom Tito Buss     -     Rio Itajaí-Açu    Rio do Sul;Nivel do Rio;597;cm;Chuva;71.8;mm;Temperatura;18.7º;Graus;Umidade;97%;%;Pressão Atmosférica;1004.8;hPa;caindo rápido;Vento;0.0;km/h;Sudeste;Leitura realizada em 28/10/2023 às 17:30
Ponte BR-470 - Rio Itajaí do Oeste Rio do Sul;Nível do Rio;513;cm;Chuva;92.6;mm;Temperatura;19º;Graus;Umidade;100%;%;Pressão Atmosférica;1006.4;hPa;caindo rápido;Vento;0.0;km/h;Nordeste;Leitura realizada em 28/10/2023 às 17:30
Ponte Hannelore Hartmann Eyng - Rio Itajaí do Sul Rio do Sul;Nível do Rio;697;cm;Chuva;77.0;mm;Temperatura;18.4º;Graus;Umidade;85%;%;Pressão Atmosférica;1004.7;hPa;caindo rápido;Vento;0.0;km/h;Norte;Leitura realizada em 28/10/2023 às 17:30
Ponte Dom Tito Buss     -     Rio Itajaí-Açu    Rio do Sul;Nivel do Rio;607;cm;Chuva;72.0;mm;Temperatura;18.8º;Graus;Umidade;97%;%;Pressão Atmosférica;1004.2;hPa;caindo rápido;Vento;0.0;km/h;Noroeste;Leitura realizada em 28/10/2023 às 18:20
Ponte BR-470 - Rio Itajaí do Oeste Rio do Sul;Nível do Rio;524;cm;Chuva;92.8;mm;Temperatura;18.8º;Graus;Umidade;100%;%;Pressão Atmosférica;1005.9;hPa;caindo;Vento;0.0;km/h;Noroeste;Leitura realizada em 28/10/2023 às 18:20
Ponte Hannelore Hartmann Eyng - Rio Itajaí do Sul Rio do Sul;Nível do Rio;706;cm;Chuva;77.2;mm;Temperatura;18.6º;Graus;Umidade;85%;%;Pressão Atmosférica;1004.1;hPa;caindo rápido;Vento;0.0;km/h;Norte;Leitura realizada em 28/10/2023 às 18:20
Ponte Dom Tito Buss     -     Rio Itajaí-Açu    Rio do Sul;Nivel do Rio;621;cm;Chuva;72.0;mm;Temperatura;18.8º;Graus;Umidade;97%;%;Pressão Atmosférica;1004.8;hPa;estável;Vento;0.0;km/h;Sudeste;Leitura realizada em 28/10/2023 às 19:10
Ponte BR-470 - Rio Itajaí do Oeste Rio do Sul;Nível do Rio;534;cm;Chuva;92.8;mm;Temperatura;18.7º;Graus;Umidade;100%;%;Pressão Atmosférica;1006.4;hPa;estável;Vento;0.0;km/h;Noroeste;Leitura realizada em 28/10/2023 às 19:10
Ponte Hannelore Hartmann Eyng - Rio Itajaí do Sul Rio do Sul;Nível do Rio;713;cm;Chuva;77.2;mm;Temperatura;18.5º;Graus;Umidade;85%;%;Pressão Atmosférica;1004.7;hPa;estável;Vento;0.0;km/h;Noroeste;Leitura realizada em 28/10/2023 às 19:10
Ponte Dom Tito Buss     -     Rio Itajaí-Açu    Rio do Sul;Nivel do Rio;692;cm;Chuva;0.0;mm;Temperatura;23.4º;Graus;Umidade;84%;%;Pressão Atmosférica;1008.0;hPa;subindo;Vento;0.0;km/h;Nordeste;Leitura realizada em 30/10/2023 às 8:05
Ponte BR-470 - Rio Itajaí do Oeste Rio do Sul;Nível do Rio;684;cm;Chuva;0.0;mm;Temperatura;23.8º;Graus;Umidade;84%;%;Pressão Atmosférica;1009.3;hPa;subindo;Vento;6.4;km/h;Nordeste;Leitura realizada em 30/10/2023 às 8:05
Ponte Hannelore Hartmann Eyng - Rio Itajaí do Sul Rio do Sul;Nível do Rio;794;cm;Chuva;0.0;mm;Temperatura;23.6º;Graus;Umidade;84%;%;Pressão Atmosférica;1007.8;hPa;subindo;Vento;0.0;km/h;Norte;Leitura realizada em 30/10/2023 às 8:05
Ponte Dom Tito Buss     -     Rio Itajaí-Açu    Rio do Sul;Nivel do Rio;688;cm;Chuva;0.0;mm;Temperatura;23.9º;Graus;Umidade;83%;%;Pressão Atmosférica;1007.8;hPa;estável;Vento;0.0;km/h;Leste;Leitura realizada em 30/10/2023 às 8:55
Ponte BR-470 - Rio Itajaí do Oeste Rio do Sul;Nível do Rio;682;cm;Chuva;0.0;mm;Temperatura;24.4º;Graus;Umidade;84%;%;Pressão Atmosférica;1009.2;hPa;estável;Vento;3.2;km/h;Leste;Leitura realizada em 30/10/2023 às 8:55
Ponte Hannelore Hartmann Eyng - Rio Itajaí do Sul Rio do Sul;Nível do Rio;794;cm;Chuva;0.0;mm;Temperatura;24.8º;Graus;Umidade;81%;%;Pressão Atmosférica;1007.4;hPa;estável;Vento;0.0;km/h;Sul;Leitura realizada em 30/10/2023 às 8:55
Ponte Dom Tito Buss     -     Rio Itajaí-Açu    Rio do Sul;Nivel do Rio;684;cm;Chuva;0.0;mm;Temperatura;24.9º;Graus;Umidade;81%;%;Pressão Atmosférica;1007.5;hPa;estável;Vento;3.2;km/h;Sudeste;Leitura realizada em 30/10/2023 às 9:45
Ponte BR-470 - Rio Itajaí do Oeste Rio do Sul;Nível do Rio;680;cm;Chuva;0.0;mm;Temperatura;25.6º;Graus;Umidade;82%;%;Pressão Atmosférica;1008.3;hPa;estável;Vento;11.3;km/h;Leste;Leitura realizada em 30/10/2023 às 9:45
Ponte Hannelore Hartmann Eyng - Rio Itajaí do Sul Rio do Sul;Nível do Rio;717;cm;Chuva;0.0;mm;Temperatura;26º;Graus;Umidade;77%;%;Pressão Atmosférica;1007.0;hPa;estável;Vento;0.0;km/h;Norte;Leitura realizada em 30/10/2023 às 9:45
Ponte Dom Tito Buss     -     Rio Itajaí-Açu    Rio do Sul;Nivel do Rio;681;cm;Chuva;0.0;mm;Temperatura;25.9º;Graus;Umidade;78%;%;Pressão Atmosférica;1007.0;hPa;estável;Vento;1.6;km/h;Sudeste;Leitura realizada em 30/10/2023 às 10:35
Ponte BR-470 - Rio Itajaí do Oeste Rio do Sul;Nível do Rio;679;cm;Chuva;0.0;mm;Temperatura;26.8º;Graus;Umidade;79%;%;Pressão Atmosférica;1008.1;hPa;caindo;Vento;3.2;km/h;Leste;Leitura realizada em 30/10/2023 às 10:15
Ponte Hannelore Hartmann Eyng - Rio Itajaí do Sul Rio do Sul;Nível do Rio;715;cm;Chuva;0.0;mm;Temperatura;27º;Graus;Umidade;75%;%;Pressão Atmosférica;1006.6;hPa;estável;Vento;0.0;km/h;Noroeste;Leitura realizada em 30/10/2023 às 10:35
Ponte Dom Tito Buss     -     Rio Itajaí-Açu    Rio do Sul;Nivel do Rio;680;cm;Chuva;0.0;mm;Temperatura;27.2º;Graus;Umidade;74%;%;Pressão Atmosférica;1005.9;hPa;caindo;Vento;0.0;km/h;Leste;Leitura realizada em 30/10/2023 às 11:25
Ponte BR-470 - Rio Itajaí do Oeste Rio do Sul;Nível do Rio;677;cm;Chuva;0.0;mm;Temperatura;27.6º;Graus;Umidade;76%;%;Pressão Atmosférica;1006.9;hPa;caindo;Vento;11.3;km/h;Nordeste;Leitura realizada em 30/10/2023 às 11:25
Ponte Hannelore Hartmann Eyng - Rio Itajaí do Sul Rio do Sul;Nível do Rio;713;cm;Chuva;0.0;mm;Temperatura;27.8º;Graus;Umidade;73%;%;Pressão Atmosférica;1005.7;hPa;caindo;Vento;0.0;km/h;Nordeste;Leitura realizada em 30/10/2023 às 11:25
Ponte Dom Tito Buss     -     Rio Itajaí-Açu    Rio do Sul;Nivel do Rio;681;cm;Chuva;4.0;mm;Temperatura;24.5º;Graus;Umidade;89%;%;Pressão Atmosférica;1006.3;hPa;caindo;Vento;0.0;km/h;Leste;Leitura realizada em 30/10/2023 às 12:15
Ponte BR-470 - Rio Itajaí do Oeste Rio do Sul;Nível do Rio;676;cm;Chuva;6.8;mm;Temperatura;23.8º;Graus;Umidade;97%;%;Pressão Atmosférica;1006.9;hPa;caindo rápido;Vento;9.7;km/h;Leste;Leitura realizada em 30/10/2023 às 12:15
Ponte Hannelore Hartmann Eyng - Rio Itajaí do Sul Rio do Sul;Nível do Rio;710;cm;Chuva;3.8;mm;Temperatura;24º;Graus;Umidade;86%;%;Pressão Atmosférica;1005.6;hPa;caindo;Vento;0.0;km/h;Sudeste;Leitura realizada em 30/10/2023 às 12:15
Ponte Dom Tito Buss     -     Rio Itajaí-Açu    Rio do Sul;Nivel do Rio;681;cm;Chuva;4.2;mm;Temperatura;23.7º;Graus;Umidade;90%;%;Pressão Atmosférica;1005.9;hPa;caindo;Vento;12.9;km/h;Sudeste;Leitura realizada em 30/10/2023 às 13:05
Ponte BR-470 - Rio Itajaí do Oeste Rio do Sul;Nível do Rio;675;cm;Chuva;8.8;mm;Temperatura;22.8º;Graus;Umidade;98%;%;Pressão Atmosférica;1007.4;hPa;caindo;Vento;4.8;km/h;Leste;Leitura realizada em 30/10/2023 às 13:00
Ponte Hannelore Hartmann Eyng - Rio Itajaí do Sul Rio do Sul;Nível do Rio;710;cm;Chuva;4.6;mm;Temperatura;23.6º;Graus;Umidade;87%;%;Pressão Atmosférica;1005.9;hPa;caindo;Vento;0.0;km/h;Sudeste;Leitura realizada em 30/10/2023 às 13:05
Ponte Dom Tito Buss     -     Rio Itajaí-Açu    Rio do Sul;Nivel do Rio;702;cm;Chuva;25.0;mm;Temperatura;22.8º;Graus;Umidade;96%;%;Pressão Atmosférica;1005.4;hPa;subindo;Vento;0.0;km/h;Leste;Leitura realizada em 30/10/2023 às 17:55
Ponte BR-470 - Rio Itajaí do Oeste Rio do Sul;Nível do Rio;681;cm;Chuva;32.2;mm;Temperatura;22.6º;Graus;Umidade;100%;%;Pressão Atmosférica;1007.0;hPa;subindo;Vento;0.0;km/h;Nordeste;Leitura realizada em 30/10/2023 às 17:55
Ponte Hannelore Hartmann Eyng - Rio Itajaí do Sul Rio do Sul;Nível do Rio;764;cm;Chuva;24.0;mm;Temperatura;22.3º;Graus;Umidade;13%;%;Pressão Atmosférica;1005.4;hPa;subindo;Vento;0.0;km/h;Noroeste;Leitura realizada em 30/10/2023 às 17:55
Ponte Dom Tito Buss     -     Rio Itajaí-Açu    Rio do Sul;Nivel do Rio;717;cm;Chuva;25.2;mm;Temperatura;22.6º;Graus;Umidade;94%;%;Pressão Atmosférica;1005.7;hPa;subindo;Vento;0;km/h;Leste;Leitura realizada em 30/10/2023 às 18:45
Ponte BR-470 - Rio Itajaí do Oeste Rio do Sul;Nível do Rio;687;cm;Chuva;32.2;mm;Temperatura;22.2º;Graus;Umidade;100%;%;Pressão Atmosférica;1007.1;hPa;estável;Vento;0;km/h;Nordeste;Leitura realizada em 30/10/2023 às 18:45
Ponte Hannelore Hartmann Eyng - Rio Itajaí do Sul Rio do Sul;Nível do Rio;789;cm;Chuva;24.2;mm;Temperatura;22º;Graus;Umidade;14%;%;Pressão Atmosférica;1005.8;hPa;subindo;Vento;0;km/h;Nordeste;Leitura realizada em 30/10/2023 às 18:45
